section,rho,arm,metric,subset,n,mean,sem,ci95_low,ci95_high
belief_accuracy,0.0,oracle,assigned_type_hit,all,20,1.0,0.0,1.0,1.0
belief_accuracy,0.0,oracle,assigned_type_hit,sensitive,20,1.0,0.0,1.0,1.0
belief_accuracy,0.0,oracle,assigned_type_hit,final,20,1.0,0.0,1.0,1.0
belief_accuracy,0.0,oracle,marginal_true_mass,all,20,1.0,0.0,1.0,1.0
belief_accuracy,0.0,oracle,marginal_true_mass,sensitive,20,1.0,0.0,1.0,1.0
belief_accuracy,0.0,oracle,marginal_true_mass,final,20,1.0,0.0,1.0,1.0
belief_accuracy,0.0,oracle,true_profile_mass,all,20,1.0,0.0,1.0,1.0
belief_accuracy,0.0,oracle,true_profile_mass,sensitive,20,1.0,0.0,1.0,1.0
belief_accuracy,0.0,oracle,true_profile_mass,final,20,1.0,0.0,1.0,1.0
belief_accuracy,0.0,joint,assigned_type_hit,all,20,0.09624999999999999,0.015525340067467969,0.06375546323878953,0.12874453676121045
belief_accuracy,0.0,joint,assigned_type_hit,sensitive,20,0.12114087301587302,0.03473408758658479,0.048442427697151055,0.193839318334595
belief_accuracy,0.0,joint,assigned_type_hit,final,20,0.1,0.04588314677411236,0.0039665738017828495,0.19603342619821718
belief_accuracy,0.0,joint,marginal_true_mass,all,20,0.10007812499999999,0.0026155760209681947,0.09460372438811356,0.10555252561188642
belief_accuracy,0.0,joint,marginal_true_mass,sensitive,20,0.09779978918650793,0.0035884417327315832,0.09028918063990073,0.10531039773311514
belief_accuracy,0.0,joint,marginal_true_mass,final,20,0.1375,0.005050373308896138,0.1269295686644804,0.14807043133551961
belief_accuracy,0.0,joint,true_profile_mass,all,20,1.2197415344417093e-08,2.6016129965631446e-09,6.752239342610431e-09,1.7642591346223754e-08
belief_accuracy,0.0,joint,true_profile_mass,sensitive,20,7.303670928296116e-09,1.7913929143109168e-09,3.5542855586433673e-09,1.1053056297948866e-08
belief_accuracy,0.0,joint,true_profile_mass,final,20,3.837049007415772e-08,7.926068014868543e-09,2.1781229719037857e-08,5.495975042927758e-08
belief_accuracy,0.0,harp,assigned_type_hit,all,20,0.09375,0.011736554457178468,0.06918539152112546,0.11831460847887454
belief_accuracy,0.0,harp,assigned_type_hit,sensitive,20,0.08333333333333334,0.02851720523038761,0.02364682278613208,0.1430198438805346
belief_accuracy,0.0,harp,assigned_type_hit,final,20,0.175,0.07500000000000001,0.018024999999999958,0.331975
belief_accuracy,0.0,harp,marginal_true_mass,all,20,0.10007812499999999,0.0026155760209681947,0.09460372438811356,0.10555252561188642
belief_accuracy,0.0,harp,marginal_true_mass,sensitive,20,0.09779978918650793,0.0035884417327315832,0.09028918063990073,0.10531039773311514
belief_accuracy,0.0,harp,marginal_true_mass,final,20,0.1375,0.005050373308896137,0.1269295686644804,0.14807043133551961
belief_accuracy,0.0,harp,true_profile_mass,all,20,1.2197415344417098e-08,2.6016129965631454e-09,6.752239342610434e-09,1.764259134622376e-08
belief_accuracy,0.0,harp,true_profile_mass,sensitive,20,7.303670928296117e-09,1.7913929143109172e-09,3.5542855586433673e-09,1.1053056297948866e-08
belief_accuracy,0.0,harp,true_profile_mass,final,20,3.8370490074157724e-08,7.926068014868545e-09,2.178122971903786e-08,5.4959750429277585e-08
belief_accuracy,0.0,harp_s,assigned_type_hit,all,20,0.09375,0.011736554457178468,0.06918539152112546,0.11831460847887454
belief_accuracy,0.0,harp_s,assigned_type_hit,sensitive,20,0.08333333333333334,0.02851720523038761,0.02364682278613208,0.1430198438805346
belief_accuracy,0.0,harp_s,assigned_type_hit,final,20,0.175,0.07500000000000001,0.018024999999999958,0.331975
belief_accuracy,0.0,harp_s,marginal_true_mass,all,20,0.10007812499999999,0.0026155760209681947,0.09460372438811356,0.10555252561188642
belief_accuracy,0.0,harp_s,marginal_true_mass,sensitive,20,0.09779978918650793,0.0035884417327315832,0.09028918063990073,0.10531039773311514
belief_accuracy,0.0,harp_s,marginal_true_mass,final,20,0.1375,0.005050373308896137,0.1269295686644804,0.14807043133551961
belief_accuracy,0.0,harp_s,true_profile_mass,all,20,1.2197415344417098e-08,2.6016129965631454e-09,6.752239342610434e-09,1.764259134622376e-08
belief_accuracy,0.0,harp_s,true_profile_mass,sensitive,20,7.303670928296117e-09,1.7913929143109172e-09,3.5542855586433673e-09,1.1053056297948866e-08
belief_accuracy,0.0,harp_s,true_profile_mass,final,20,3.8370490074157724e-08,7.926068014868545e-09,2.178122971903786e-08,5.4959750429277585e-08
paired_regret_subset,0.0,harp,regret_increment_minus_joint,sensitive,20,-0.8325000000000001,0.9012105528267604,-2.71873368706641,1.0537336870664094
paired_regret_subset,0.0,harp,regret_increment_minus_joint,nonsensitive,20,-1.5543122344752192e-15,6.1425065500022675e-16,-2.839938855390694e-15,-2.6868561355974453e-16
paired_regret_subset,0.0,harp_s,regret_increment_minus_joint,sensitive,20,-0.8325000000000001,0.9012105528267604,-2.71873368706641,1.0537336870664094
paired_regret_subset,0.0,harp_s,regret_increment_minus_joint,nonsensitive,20,-1.5543122344752192e-15,6.1425065500022675e-16,-2.839938855390694e-15,-2.6868561355974453e-16
round_regret_increment,0.0,oracle,regret_increment,round_1,20,0.0,0.0,0.0,0.0
round_regret_increment,0.0,oracle,regret_increment,round_2,20,0.0,0.0,0.0,0.0
round_regret_increment,0.0,oracle,regret_increment,round_3,20,0.0,0.0,0.0,0.0
round_regret_increment,0.0,oracle,regret_increment,round_4,20,0.0,0.0,0.0,0.0
round_regret_increment,0.0,oracle,regret_increment,round_5,20,0.0,0.0,0.0,0.0
round_regret_increment,0.0,oracle,regret_increment,round_6,20,0.0,0.0,0.0,0.0
round_regret_increment,0.0,oracle,regret_increment,round_7,20,0.0,0.0,0.0,0.0
round_regret_increment,0.0,oracle,regret_increment,round_8,20,0.0,0.0,0.0,0.0
round_regret_increment,0.0,oracle,regret_increment,round_9,20,0.0,0.0,0.0,0.0
round_regret_increment,0.0,oracle,regret_increment,round_10,20,0.0,0.0,0.0,0.0
round_regret_increment,0.0,oracle,regret_increment,round_11,20,0.0,0.0,0.0,0.0
round_regret_increment,0.0,oracle,regret_increment,round_12,20,0.0,0.0,0.0,0.0
round_regret_increment,0.0,oracle,regret_increment,round_13,20,0.0,0.0,0.0,0.0
round_regret_increment,0.0,oracle,regret_increment,round_14,20,0.0,0.0,0.0,0.0
round_regret_increment,0.0,oracle,regret_increment,round_15,20,0.0,0.0,0.0,0.0
round_regret_increment,0.0,oracle,regret_increment,round_16,20,0.0,0.0,0.0,0.0
round_regret_increment,0.0,oracle,regret_increment,round_17,20,0.0,0.0,0.0,0.0
round_regret_increment,0.0,oracle,regret_increment,round_18,20,0.0,0.0,0.0,0.0
round_regret_increment,0.0,oracle,regret_increment,round_19,20,0.0,0.0,0.0,0.0
round_regret_increment,0.0,oracle,regret_increment,round_20,20,0.0,0.0,0.0,0.0
round_regret_increment,0.0,joint,regret_increment,round_1,20,0.075,0.075,-0.081975,0.231975
round_regret_increment,0.0,joint,regret_increment,round_2,20,0.3185,0.18046763086347004,-0.05921875139724275,0.6962187513972428
round_regret_increment,0.0,joint,regret_increment,round_3,20,0.21049999999999996,0.2105,-0.23007650000000002,0.6510765
round_regret_increment,0.0,joint,regret_increment,round_4,20,0.21600000000000005,0.15618207997482667,-0.11088909338731215,0.5428890933873123
round_regret_increment,0.0,joint,regret_increment,round_5,20,0.2824999999999999,0.1616231402791204,-0.055777232604199034,0.6207772326041989
round_regret_increment,0.0,joint,regret_increment,round_6,20,0.4520000000000001,0.20630661902283107,0.020200246385214726,0.8837997536147855
round_regret_increment,0.0,joint,regret_increment,round_7,20,0.14999999999999986,0.1032370802417528,-0.06607520894598873,0.36607520894598844
round_regret_increment,0.0,joint,regret_increment,round_8,20,0.14999999999999977,0.10323708024175274,-0.0660752089459887,0.3660752089459882
round_regret_increment,0.0,joint,regret_increment,round_9,20,0.15400000000000036,0.10300843092730447,-0.061596645930847876,0.3695966459308486
round_regret_increment,0.0,joint,regret_increment,round_10,20,0.46899999999999986,0.25625326698816003,-0.06733808780621908,1.0053380878062188
round_regret_increment,0.0,joint,regret_increment,round_11,20,0.30000000000000016,0.1754692955596805,-0.06725723560641111,0.6672572356064115
round_regret_increment,0.0,joint,regret_increment,round_12,20,0.3385000000000001,0.20787936152338074,-0.09659150366843583,0.773591503668436
round_regret_increment,0.0,joint,regret_increment,round_13,20,0.22500000000000017,0.12287670328636878,-0.032180939978369655,0.48218093997836997
round_regret_increment,0.0,joint,regret_increment,round_14,20,8.881784197001253e-17,3.279240721266546e-16,-5.975272409910755e-16,7.751629249311005e-16
round_regret_increment,0.0,joint,regret_increment,round_15,20,0.13950000000000026,0.0963121979485683,-0.062081430306353186,0.34108143030635374
round_regret_increment,0.0,joint,regret_increment,round_16,20,0.6479999999999998,0.4332481967648569,-0.2587884758288457,1.5547884758288453
round_regret_increment,0.0,joint,regret_increment,round_17,20,0.0939999999999999,0.07553806987208503,-0.06410118024227406,0.25210118024227385
round_regret_increment,0.0,joint,regret_increment,round_18,20,0.4230000000000005,0.24568497158588656,-0.09121864552926007,0.937218645529261
round_regret_increment,0.0,joint,regret_increment,round_19,20,0.806,0.3966712811171963,-0.024232991378291824,1.636232991378292
round_regret_increment,0.0,joint,regret_increment,round_20,20,0.6499999999999999,0.317520824016647,-0.014571084666842204,1.314571084666842
round_regret_increment,0.0,harp,regret_increment,round_1,20,0.0,0.0,0.0,0.0
round_regret_increment,0.0,harp,regret_increment,round_2,20,0.075,0.075,-0.081975,0.231975
round_regret_increment,0.0,harp,regret_increment,round_3,20,0.43649999999999994,0.257145540399534,-0.1017056160562248,0.9747056160562246
round_regret_increment,0.0,harp,regret_increment,round_4,20,0.075,0.075,-0.081975,0.231975
round_regret_increment,0.0,harp,regret_increment,round_5,20,0.2824999999999999,0.1616231402791204,-0.055777232604199034,0.6207772326041989
round_regret_increment,0.0,harp,regret_increment,round_6,20,0.47650000000000003,0.23639538133345475,-0.01827553313092073,0.9712755331309209
round_regret_increment,0.0,harp,regret_increment,round_7,20,0.14999999999999983,0.1032370802417528,-0.06607520894598876,0.36607520894598844
round_regret_increment,0.0,harp,regret_increment,round_8,20,0.22499999999999978,0.12287670328636877,-0.03218093997837004,0.48218093997836964
round_regret_increment,0.0,harp,regret_increment,round_9,20,0.24650000000000008,0.13581774746444505,-0.037766545443083416,0.5307665454430835
round_regret_increment,0.0,harp,regret_increment,round_10,20,0.28499999999999964,0.1332952796574107,0.006012979677039065,0.5639870203229602
round_regret_increment,0.0,harp,regret_increment,round_11,20,0.3750000000000001,0.18451572461874066,-0.011191411627024084,0.7611914116270243
round_regret_increment,0.0,harp,regret_increment,round_12,20,0.14999999999999997,0.1032370802417528,-0.06607520894598862,0.36607520894598855
round_regret_increment,0.0,harp,regret_increment,round_13,20,0.0750000000000002,0.075,-0.0819749999999998,0.2319750000000002
round_regret_increment,0.0,harp,regret_increment,round_14,20,-2.6645352591003756e-16,1.9437665873397787e-16,-6.732838726402532e-16,1.403768208201781e-16
round_regret_increment,0.0,harp,regret_increment,round_15,20,0.1820000000000003,0.10571958938128431,-0.03927110057502775,0.40327110057502835
round_regret_increment,0.0,harp,regret_increment,round_16,20,0.2724999999999999,0.20753804343706309,-0.1618771249137731,0.7068771249137729
round_regret_increment,0.0,harp,regret_increment,round_17,20,0.3109999999999997,0.23339474129285312,-0.17749519352594184,0.7994951935259413
round_regret_increment,0.0,harp,regret_increment,round_18,20,0.4974999999999998,0.2624669152082739,-0.05184325353091751,1.0468432535309171
round_regret_increment,0.0,harp,regret_increment,round_19,20,0.6395,0.37527847554919297,-0.14595784932446088,1.4249578493244608
round_regret_increment,0.0,harp,regret_increment,round_20,20,0.5145000000000002,0.2699595242565858,-0.05052528426903391,1.0795252842690344
round_regret_increment,0.0,harp_s,regret_increment,round_1,20,0.0,0.0,0.0,0.0
round_regret_increment,0.0,harp_s,regret_increment,round_2,20,0.075,0.075,-0.081975,0.231975
round_regret_increment,0.0,harp_s,regret_increment,round_3,20,0.43649999999999994,0.257145540399534,-0.1017056160562248,0.9747056160562246
round_regret_increment,0.0,harp_s,regret_increment,round_4,20,0.075,0.075,-0.081975,0.231975
round_regret_increment,0.0,harp_s,regret_increment,round_5,20,0.2824999999999999,0.1616231402791204,-0.055777232604199034,0.6207772326041989
round_regret_increment,0.0,harp_s,regret_increment,round_6,20,0.47650000000000003,0.23639538133345475,-0.01827553313092073,0.9712755331309209
round_regret_increment,0.0,harp_s,regret_increment,round_7,20,0.14999999999999983,0.1032370802417528,-0.06607520894598876,0.36607520894598844
round_regret_increment,0.0,harp_s,regret_increment,round_8,20,0.22499999999999978,0.12287670328636877,-0.03218093997837004,0.48218093997836964
round_regret_increment,0.0,harp_s,regret_increment,round_9,20,0.24650000000000008,0.13581774746444505,-0.037766545443083416,0.5307665454430835
round_regret_increment,0.0,harp_s,regret_increment,round_10,20,0.28499999999999964,0.1332952796574107,0.006012979677039065,0.5639870203229602
round_regret_increment,0.0,harp_s,regret_increment,round_11,20,0.3750000000000001,0.18451572461874066,-0.011191411627024084,0.7611914116270243
round_regret_increment,0.0,harp_s,regret_increment,round_12,20,0.14999999999999997,0.1032370802417528,-0.06607520894598862,0.36607520894598855
round_regret_increment,0.0,harp_s,regret_increment,round_13,20,0.0750000000000002,0.075,-0.0819749999999998,0.2319750000000002
round_regret_increment,0.0,harp_s,regret_increment,round_14,20,-2.6645352591003756e-16,1.9437665873397787e-16,-6.732838726402532e-16,1.403768208201781e-16
round_regret_increment,0.0,harp_s,regret_increment,round_15,20,0.1820000000000003,0.10571958938128431,-0.03927110057502775,0.40327110057502835
round_regret_increment,0.0,harp_s,regret_increment,round_16,20,0.2724999999999999,0.20753804343706309,-0.1618771249137731,0.7068771249137729
round_regret_increment,0.0,harp_s,regret_increment,round_17,20,0.3109999999999997,0.23339474129285312,-0.17749519352594184,0.7994951935259413
round_regret_increment,0.0,harp_s,regret_increment,round_18,20,0.4974999999999998,0.2624669152082739,-0.05184325353091751,1.0468432535309171
round_regret_increment,0.0,harp_s,regret_increment,round_19,20,0.6395,0.37527847554919297,-0.14595784932446088,1.4249578493244608
round_regret_increment,0.0,harp_s,regret_increment,round_20,20,0.5145000000000002,0.2699595242565858,-0.05052528426903391,1.0795252842690344
joint_shared_weight,0.0,joint,shared_weight_pre,round_1,20,0.0,0.0,0.0,0.0
joint_shared_weight,0.0,joint,shared_weight_pre,round_2,20,0.0,0.0,0.0,0.0
joint_shared_weight,0.0,joint,shared_weight_pre,round_3,20,0.0,0.0,0.0,0.0
joint_shared_weight,0.0,joint,shared_weight_pre,round_4,20,0.0,0.0,0.0,0.0
joint_shared_weight,0.0,joint,shared_weight_pre,round_5,20,0.0,0.0,0.0,0.0
joint_shared_weight,0.0,joint,shared_weight_pre,round_6,20,0.0,0.0,0.0,0.0
joint_shared_weight,0.0,joint,shared_weight_pre,round_7,20,0.0,0.0,0.0,0.0
joint_shared_weight,0.0,joint,shared_weight_pre,round_8,20,0.0,0.0,0.0,0.0
joint_shared_weight,0.0,joint,shared_weight_pre,round_9,20,0.0,0.0,0.0,0.0
joint_shared_weight,0.0,joint,shared_weight_pre,round_10,20,0.0,0.0,0.0,0.0
joint_shared_weight,0.0,joint,shared_weight_pre,round_11,20,0.0,0.0,0.0,0.0
joint_shared_weight,0.0,joint,shared_weight_pre,round_12,20,0.0,0.0,0.0,0.0
joint_shared_weight,0.0,joint,shared_weight_pre,round_13,20,0.0,0.0,0.0,0.0
joint_shared_weight,0.0,joint,shared_weight_pre,round_14,20,0.0,0.0,0.0,0.0
joint_shared_weight,0.0,joint,shared_weight_pre,round_15,20,0.0,0.0,0.0,0.0
joint_shared_weight,0.0,joint,shared_weight_pre,round_16,20,0.0,0.0,0.0,0.0
joint_shared_weight,0.0,joint,shared_weight_pre,round_17,20,0.0,0.0,0.0,0.0
joint_shared_weight,0.0,joint,shared_weight_pre,round_18,20,0.0,0.0,0.0,0.0
joint_shared_weight,0.0,joint,shared_weight_pre,round_19,20,0.0,0.0,0.0,0.0
joint_shared_weight,0.0,joint,shared_weight_pre,round_20,20,0.0,0.0,0.0,0.0
joint_shared_weight,0.0,joint,shared_weight_post,round_1,20,0.0,0.0,0.0,0.0
joint_shared_weight,0.0,joint,shared_weight_post,round_2,20,0.0,0.0,0.0,0.0
joint_shared_weight,0.0,joint,shared_weight_post,round_3,20,0.0,0.0,0.0,0.0
joint_shared_weight,0.0,joint,shared_weight_post,round_4,20,0.0,0.0,0.0,0.0
joint_shared_weight,0.0,joint,shared_weight_post,round_5,20,0.0,0.0,0.0,0.0
joint_shared_weight,0.0,joint,shared_weight_post,round_6,20,0.0,0.0,0.0,0.0
joint_shared_weight,0.0,joint,shared_weight_post,round_7,20,0.0,0.0,0.0,0.0
joint_shared_weight,0.0,joint,shared_weight_post,round_8,20,0.0,0.0,0.0,0.0
joint_shared_weight,0.0,joint,shared_weight_post,round_9,20,0.0,0.0,0.0,0.0
joint_shared_weight,0.0,joint,shared_weight_post,round_10,20,0.0,0.0,0.0,0.0
joint_shared_weight,0.0,joint,shared_weight_post,round_11,20,0.0,0.0,0.0,0.0
joint_shared_weight,0.0,joint,shared_weight_post,round_12,20,0.0,0.0,0.0,0.0
joint_shared_weight,0.0,joint,shared_weight_post,round_13,20,0.0,0.0,0.0,0.0
joint_shared_weight,0.0,joint,shared_weight_post,round_14,20,0.0,0.0,0.0,0.0
joint_shared_weight,0.0,joint,shared_weight_post,round_15,20,0.0,0.0,0.0,0.0
joint_shared_weight,0.0,joint,shared_weight_post,round_16,20,0.0,0.0,0.0,0.0
joint_shared_weight,0.0,joint,shared_weight_post,round_17,20,0.0,0.0,0.0,0.0
joint_shared_weight,0.0,joint,shared_weight_post,round_18,20,0.0,0.0,0.0,0.0
joint_shared_weight,0.0,joint,shared_weight_post,round_19,20,0.0,0.0,0.0,0.0
joint_shared_weight,0.0,joint,shared_weight_post,round_20,20,0.0,0.0,0.0,0.0
belief_accuracy,1.0,oracle,assigned_type_hit,all,20,1.0,0.0,1.0,1.0
belief_accuracy,1.0,oracle,assigned_type_hit,sensitive,20,1.0,0.0,1.0,1.0
belief_accuracy,1.0,oracle,assigned_type_hit,final,20,1.0,0.0,1.0,1.0
belief_accuracy,1.0,oracle,marginal_true_mass,all,20,1.0,0.0,1.0,1.0
belief_accuracy,1.0,oracle,marginal_true_mass,sensitive,20,1.0,0.0,1.0,1.0
belief_accuracy,1.0,oracle,marginal_true_mass,final,20,1.0,0.0,1.0,1.0
belief_accuracy,1.0,oracle,true_profile_mass,all,20,1.0,0.0,1.0,1.0
belief_accuracy,1.0,oracle,true_profile_mass,sensitive,20,1.0,0.0,1.0,1.0
belief_accuracy,1.0,oracle,true_profile_mass,final,20,1.0,0.0,1.0,1.0
belief_accuracy,1.0,joint,assigned_type_hit,all,20,0.1325,0.01832635433352457,0.0941429403799331,0.17085705962006692
belief_accuracy,1.0,joint,assigned_type_hit,sensitive,20,0.14096230158730155,0.02921304853786429,0.07981939099755159,0.20210521217705152
belief_accuracy,1.0,joint,assigned_type_hit,final,20,0.05,0.04999999999999999,-0.054649999999999976,0.15464999999999998
belief_accuracy,1.0,joint,marginal_true_mass,all,20,0.14070312499999998,0.005378693412422345,0.12944551968780002,0.15196073031219995
belief_accuracy,1.0,joint,marginal_true_mass,sensitive,20,0.1404861111111111,0.008028806304360786,0.12368181951608397,0.1572904027061382
belief_accuracy,1.0,joint,marginal_true_mass,final,20,0.203125,0.011670679917504466,0.17869826693266316,0.22755173306733684
belief_accuracy,1.0,joint,true_profile_mass,all,20,0.017705078125,0.0019460333321368692,0.013632030360837532,0.021778125889162468
belief_accuracy,1.0,joint,true_profile_mass,sensitive,20,0.015032164558531744,0.0015183632055906263,0.011854230369230563,0.018210098747832925
belief_accuracy,1.0,joint,true_profile_mass,final,20,0.03046875,0.0034892560071672343,0.023165737176998977,0.03777176282300102
belief_accuracy,1.0,harp,assigned_type_hit,all,20,0.125,0.011613286401903278,0.10069339156081644,0.14930660843918356
belief_accuracy,1.0,harp,assigned_type_hit,sensitive,20,0.1265376984126984,0.03430660940487398,0.05473396492829716,0.19834143189709966
belief_accuracy,1.0,harp,assigned_type_hit,final,20,0.175,0.075,0.018024999999999985,0.331975
belief_accuracy,1.0,harp,marginal_true_mass,all,20,0.09570312499999999,0.001752206887957936,0.09203575598350403,0.09937049401649595
belief_accuracy,1.0,harp,marginal_true_mass,sensitive,20,0.09519469246031746,0.003701817458286424,0.08744678852012398,0.10294259640051094
belief_accuracy,1.0,harp,marginal_true_mass,final,20,0.13203125,0.004905170850141608,0.12176472741065361,0.14229777258934637
belief_accuracy,1.0,harp,true_profile_mass,all,20,7.760827429592612e-09,1.3032842503765438e-09,5.033053493554506e-09,1.0488601365630717e-08
belief_accuracy,1.0,harp,true_profile_mass,sensitive,20,6.427525520502104e-09,1.6634737383671868e-09,2.945874986099582e-09,9.909176054904625e-09
belief_accuracy,1.0,harp,true_profile_mass,final,20,2.8498470783233654e-08,6.293512693109423e-09,1.532614871655563e-08,4.167079284991168e-08
belief_accuracy,1.0,harp_s,assigned_type_hit,all,20,0.14625000000000002,0.019217847379317407,0.10602704543508869,0.18647295456491136
belief_accuracy,1.0,harp_s,assigned_type_hit,sensitive,20,0.15887896825396824,0.033089544400006554,0.08962255182475452,0.22813538468318195
belief_accuracy,1.0,harp_s,assigned_type_hit,final,20,0.225,0.0923024205647136,0.03181103375805444,0.41818896624194557
belief_accuracy,1.0,harp_s,marginal_true_mass,all,20,0.09570312499999999,0.001752206887957936,0.09203575598350403,0.09937049401649595
belief_accuracy,1.0,harp_s,marginal_true_mass,sensitive,20,0.09519469246031746,0.003701817458286424,0.08744678852012398,0.10294259640051094
belief_accuracy,1.0,harp_s,marginal_true_mass,final,20,0.13203125,0.004905170850141608,0.12176472741065361,0.14229777258934637
belief_accuracy,1.0,harp_s,true_profile_mass,all,20,7.760827429592612e-09,1.3032842503765438e-09,5.033053493554506e-09,1.0488601365630717e-08
belief_accuracy,1.0,harp_s,true_profile_mass,sensitive,20,6.427525520502104e-09,1.6634737383671868e-09,2.945874986099582e-09,9.909176054904625e-09
belief_accuracy,1.0,harp_s,true_profile_mass,final,20,2.8498470783233654e-08,6.293512693109423e-09,1.532614871655563e-08,4.167079284991168e-08
paired_regret_subset,1.0,harp,regret_increment_minus_joint,sensitive,20,0.3015,0.3563818730991858,-0.44440726039659584,1.0474072603965958
paired_regret_subset,1.0,harp,regret_increment_minus_joint,nonsensitive,20,1.9984014443252818e-16,2.463647313083385e-16,-3.158012381958243e-16,7.154815270608806e-16
paired_regret_subset,1.0,harp_s,regret_increment_minus_joint,sensitive,20,-1.6065000000000005,0.5217315679038106,-2.6984841716226757,-0.514515828377325
paired_regret_subset,1.0,harp_s,regret_increment_minus_joint,nonsensitive,20,-2.2204460492503132e-17,2.8174301870297385e-16,-6.118925986378274e-16,5.674836776528211e-16
round_regret_increment,1.0,oracle,regret_increment,round_1,20,0.0,0.0,0.0,0.0
round_regret_increment,1.0,oracle,regret_increment,round_2,20,0.0,0.0,0.0,0.0
round_regret_increment,1.0,oracle,regret_increment,round_3,20,0.0,0.0,0.0,0.0
round_regret_increment,1.0,oracle,regret_increment,round_4,20,0.0,0.0,0.0,0.0
round_regret_increment,1.0,oracle,regret_increment,round_5,20,0.0,0.0,0.0,0.0
round_regret_increment,1.0,oracle,regret_increment,round_6,20,0.0,0.0,0.0,0.0
round_regret_increment,1.0,oracle,regret_increment,round_7,20,0.0,0.0,0.0,0.0
round_regret_increment,1.0,oracle,regret_increment,round_8,20,0.0,0.0,0.0,0.0
round_regret_increment,1.0,oracle,regret_increment,round_9,20,0.0,0.0,0.0,0.0
round_regret_increment,1.0,oracle,regret_increment,round_10,20,0.0,0.0,0.0,0.0
round_regret_increment,1.0,oracle,regret_increment,round_11,20,0.0,0.0,0.0,0.0
round_regret_increment,1.0,oracle,regret_increment,round_12,20,0.0,0.0,0.0,0.0
round_regret_increment,1.0,oracle,regret_increment,round_13,20,0.0,0.0,0.0,0.0
round_regret_increment,1.0,oracle,regret_increment,round_14,20,0.0,0.0,0.0,0.0
round_regret_increment,1.0,oracle,regret_increment,round_15,20,0.0,0.0,0.0,0.0
round_regret_increment,1.0,oracle,regret_increment,round_16,20,0.0,0.0,0.0,0.0
round_regret_increment,1.0,oracle,regret_increment,round_17,20,0.0,0.0,0.0,0.0
round_regret_increment,1.0,oracle,regret_increment,round_18,20,0.0,0.0,0.0,0.0
round_regret_increment,1.0,oracle,regret_increment,round_19,20,0.0,0.0,0.0,0.0
round_regret_increment,1.0,oracle,regret_increment,round_20,20,0.0,0.0,0.0,0.0
round_regret_increment,1.0,joint,regret_increment,round_1,20,0.075,0.075,-0.081975,0.231975
round_regret_increment,1.0,joint,regret_increment,round_2,20,0.075,0.075,-0.081975,0.231975
round_regret_increment,1.0,joint,regret_increment,round_3,20,0.1274999999999999,0.08095767250138863,-0.041944408545406514,0.29694440854540627
round_regret_increment,1.0,joint,regret_increment,round_4,20,0.14900000000000008,0.14900000000000005,-0.16285700000000003,0.4608570000000002
round_regret_increment,1.0,joint,regret_increment,round_5,20,0.38099999999999995,0.21816688445702348,-0.07562328916855021,0.8376232891685501
round_regret_increment,1.0,joint,regret_increment,round_6,20,0.12750000000000009,0.1275,-0.13935749999999994,0.39435750000000014
round_regret_increment,1.0,joint,regret_increment,round_7,20,0.2630000000000002,0.19870779922711698,-0.15289542378235566,0.678895423782356
round_regret_increment,1.0,joint,regret_increment,round_8,20,0.0,0.0,0.0,0.0
round_regret_increment,1.0,joint,regret_increment,round_9,20,-4.4408920985006264e-17,4.440892098500625e-17,-1.3735679260662435e-16,4.853895063661182e-17
round_regret_increment,1.0,joint,regret_increment,round_10,20,0.185,0.18499999999999994,-0.20220499999999986,0.5722049999999999
round_regret_increment,1.0,joint,regret_increment,round_11,20,0.08400000000000007,0.07506628649680926,-0.0731137376378217,0.24111373763782185
round_regret_increment,1.0,joint,regret_increment,round_12,20,-8.881784197001253e-17,8.88178419700125e-17,-2.747135852132487e-16,9.707790127322365e-17
round_regret_increment,1.0,joint,regret_increment,round_13,20,0.075,0.07500000000000001,-0.08197500000000003,0.23197500000000004
round_regret_increment,1.0,joint,regret_increment,round_14,20,-1.3322676295501878e-16,1.3322676295501878e-16,-4.120703778198731e-16,1.4561685190983554e-16
round_regret_increment,1.0,joint,regret_increment,round_15,20,1.3322676295501878e-16,2.257533308210059e-16,-3.3927495845334657e-16,6.057284843633842e-16
round_regret_increment,1.0,joint,regret_increment,round_16,20,0.0750000000000001,0.075,-0.08197499999999991,0.2319750000000001
round_regret_increment,1.0,joint,regret_increment,round_17,20,0.3205,0.30060506964244116,-0.3086664107616294,0.9496664107616294
round_regret_increment,1.0,joint,regret_increment,round_18,20,0.27249999999999996,0.20753804343706292,-0.1618771249137727,0.7068771249137726
round_regret_increment,1.0,joint,regret_increment,round_19,20,0.41400000000000003,0.41400000000000003,-0.45250200000000007,1.2805020000000003
round_regret_increment,1.0,joint,regret_increment,round_20,20,0.5700000000000001,0.40544582349492,-0.27859810857486744,1.4185981085748676
round_regret_increment,1.0,harp,regret_increment,round_1,20,0.0,0.0,0.0,0.0
round_regret_increment,1.0,harp,regret_increment,round_2,20,0.075,0.075,-0.081975,0.231975
round_regret_increment,1.0,harp,regret_increment,round_3,20,0.010499999999999999,0.02535510952347416,-0.04256824423263142,0.06356824423263141
round_regret_increment,1.0,harp,regret_increment,round_4,20,0.25350000000000006,0.16378142526903933,-0.08929452308809926,0.5962945230880994
round_regret_increment,1.0,harp,regret_increment,round_5,20,0.029500000000000016,0.029499999999999995,-0.03224349999999997,0.0912435
round_regret_increment,1.0,harp,regret_increment,round_6,20,0.3995000000000001,0.22786477407260194,-0.07742097213395577,0.876420972133956
round_regret_increment,1.0,harp,regret_increment,round_7,20,0.26300000000000007,0.198707799227117,-0.15289542378235582,0.6788954237823559
round_regret_increment,1.0,harp,regret_increment,round_8,20,-0.009999999999999964,0.009999999999999962,-0.030929999999999885,0.010929999999999957
round_regret_increment,1.0,harp,regret_increment,round_9,20,0.1394999999999999,0.10617878418274673,-0.082732195294489,0.3617321952944888
round_regret_increment,1.0,harp,regret_increment,round_10,20,0.1500000000000003,0.10323708024175277,-0.06607520894598823,0.36607520894598883
round_regret_increment,1.0,harp,regret_increment,round_11,20,0.11400000000000014,0.08269283683099704,-0.059076107487276666,0.28707610748727697
round_regret_increment,1.0,harp,regret_increment,round_12,20,0.027999999999999848,0.027999999999999945,-0.030604000000000037,0.08660399999999974
round_regret_increment,1.0,harp,regret_increment,round_13,20,0.0,0.0,0.0,0.0
round_regret_increment,1.0,harp,regret_increment,round_14,20,-1.3322676295501878e-16,1.3322676295501878e-16,-4.120703778198731e-16,1.4561685190983554e-16
round_regret_increment,1.0,harp,regret_increment,round_15,20,0.5049999999999999,0.4325855558821799,-0.4004015684614026,1.4104015684614024
round_regret_increment,1.0,harp,regret_increment,round_16,20,0.24100000000000002,0.1785230340438189,-0.13264871025371291,0.6146487102537129
round_regret_increment,1.0,harp,regret_increment,round_17,20,0.301,0.30100000000000016,-0.32899300000000037,0.9309930000000004
round_regret_increment,1.0,harp,regret_increment,round_18,20,0.3795,0.2614317612484636,-0.16767667629303434,0.9266766762930343
round_regret_increment,1.0,harp,regret_increment,round_19,20,0.12150000000000016,0.08015864204648698,-0.046272037803297084,0.2892720378032974
round_regret_increment,1.0,harp,regret_increment,round_20,20,0.4950000000000001,0.403322712633836,-0.34915443754261866,1.3391544375426188
round_regret_increment,1.0,harp_s,regret_increment,round_1,20,0.0,0.0,0.0,0.0
round_regret_increment,1.0,harp_s,regret_increment,round_2,20,0.0,0.0,0.0,0.0
round_regret_increment,1.0,harp_s,regret_increment,round_3,20,0.0,0.0,0.0,0.0
round_regret_increment,1.0,harp_s,regret_increment,round_4,20,0.0,0.0,0.0,0.0
round_regret_increment,1.0,harp_s,regret_increment,round_5,20,0.30600000000000005,0.21068359914186116,-0.13496077300391535,0.7469607730039154
round_regret_increment,1.0,harp_s,regret_increment,round_6,20,0.3905000000000001,0.22849792697435786,-0.08774616115733086,0.868746161157331
round_regret_increment,1.0,harp_s,regret_increment,round_7,20,0.075,0.07500000000000001,-0.08197500000000003,0.23197500000000004
round_regret_increment,1.0,harp_s,regret_increment,round_8,20,0.075,0.075,-0.081975,0.231975
round_regret_increment,1.0,harp_s,regret_increment,round_9,20,-4.4408920985006264e-17,4.440892098500625e-17,-1.3735679260662435e-16,4.853895063661182e-17
round_regret_increment,1.0,harp_s,regret_increment,round_10,20,-1.3322676295501878e-16,2.065448313912795e-16,-5.655250950569667e-16,2.9907156914692923e-16
round_regret_increment,1.0,harp_s,regret_increment,round_11,20,8.881784197001253e-17,8.88178419700125e-17,-9.707790127322365e-17,2.747135852132487e-16
round_regret_increment,1.0,harp_s,regret_increment,round_12,20,-8.881784197001253e-17,8.88178419700125e-17,-2.747135852132487e-16,9.707790127322365e-17
round_regret_increment,1.0,harp_s,regret_increment,round_13,20,0.0,0.0,0.0,0.0
round_regret_increment,1.0,harp_s,regret_increment,round_14,20,-8.881784197001253e-17,8.88178419700125e-17,-2.747135852132487e-16,9.707790127322365e-17
round_regret_increment,1.0,harp_s,regret_increment,round_15,20,0.4299999999999998,0.4299999999999996,-0.46998999999999935,1.3299899999999991
round_regret_increment,1.0,harp_s,regret_increment,round_16,20,0.075,0.07500000000000001,-0.08197500000000003,0.23197500000000004
round_regret_increment,1.0,harp_s,regret_increment,round_17,20,0.08599999999999994,0.07522737463674271,-0.07145089511470257,0.24345089511470244
round_regret_increment,1.0,harp_s,regret_increment,round_18,20,0.0,0.0,0.0,0.0
round_regret_increment,1.0,harp_s,regret_increment,round_19,20,1.7763568394002506e-16,1.77635683940025e-16,-1.941558025464473e-16,5.494271704264974e-16
round_regret_increment,1.0,harp_s,regret_increment,round_20,20,0.15,0.1032370802417528,-0.06607520894598859,0.36607520894598855
joint_shared_weight,1.0,joint,shared_weight_pre,round_1,20,1.0,0.0,1.0,1.0
joint_shared_weight,1.0,joint,shared_weight_pre,round_2,20,1.0,0.0,1.0,1.0
joint_shared_weight,1.0,joint,shared_weight_pre,round_3,20,1.0,0.0,1.0,1.0
joint_shared_weight,1.0,joint,shared_weight_pre,round_4,20,1.0,0.0,1.0,1.0
joint_shared_weight,1.0,joint,shared_weight_pre,round_5,20,1.0,0.0,1.0,1.0
joint_shared_weight,1.0,joint,shared_weight_pre,round_6,20,1.0,0.0,1.0,1.0
joint_shared_weight,1.0,joint,shared_weight_pre,round_7,20,1.0,0.0,1.0,1.0
joint_shared_weight,1.0,joint,shared_weight_pre,round_8,20,1.0,0.0,1.0,1.0
joint_shared_weight,1.0,joint,shared_weight_pre,round_9,20,1.0,0.0,1.0,1.0
joint_shared_weight,1.0,joint,shared_weight_pre,round_10,20,1.0,0.0,1.0,1.0
joint_shared_weight,1.0,joint,shared_weight_pre,round_11,20,1.0,0.0,1.0,1.0
joint_shared_weight,1.0,joint,shared_weight_pre,round_12,20,1.0,0.0,1.0,1.0
joint_shared_weight,1.0,joint,shared_weight_pre,round_13,20,1.0,0.0,1.0,1.0
joint_shared_weight,1.0,joint,shared_weight_pre,round_14,20,1.0,0.0,1.0,1.0
joint_shared_weight,1.0,joint,shared_weight_pre,round_15,20,1.0,0.0,1.0,1.0
joint_shared_weight,1.0,joint,shared_weight_pre,round_16,20,1.0,0.0,1.0,1.0
joint_shared_weight,1.0,joint,shared_weight_pre,round_17,20,1.0,0.0,1.0,1.0
joint_shared_weight,1.0,joint,shared_weight_pre,round_18,20,1.0,0.0,1.0,1.0
joint_shared_weight,1.0,joint,shared_weight_pre,round_19,20,1.0,0.0,1.0,1.0
joint_shared_weight,1.0,joint,shared_weight_pre,round_20,20,1.0,0.0,1.0,1.0
joint_shared_weight,1.0,joint,shared_weight_post,round_1,20,1.0,0.0,1.0,1.0
joint_shared_weight,1.0,joint,shared_weight_post,round_2,20,1.0,0.0,1.0,1.0
joint_shared_weight,1.0,joint,shared_weight_post,round_3,20,1.0,0.0,1.0,1.0
joint_shared_weight,1.0,joint,shared_weight_post,round_4,20,1.0,0.0,1.0,1.0
joint_shared_weight,1.0,joint,shared_weight_post,round_5,20,1.0,0.0,1.0,1.0
joint_shared_weight,1.0,joint,shared_weight_post,round_6,20,1.0,0.0,1.0,1.0
joint_shared_weight,1.0,joint,shared_weight_post,round_7,20,1.0,0.0,1.0,1.0
joint_shared_weight,1.0,joint,shared_weight_post,round_8,20,1.0,0.0,1.0,1.0
joint_shared_weight,1.0,joint,shared_weight_post,round_9,20,1.0,0.0,1.0,1.0
joint_shared_weight,1.0,joint,shared_weight_post,round_10,20,1.0,0.0,1.0,1.0
joint_shared_weight,1.0,joint,shared_weight_post,round_11,20,1.0,0.0,1.0,1.0
joint_shared_weight,1.0,joint,shared_weight_post,round_12,20,1.0,0.0,1.0,1.0
joint_shared_weight,1.0,joint,shared_weight_post,round_13,20,1.0,0.0,1.0,1.0
joint_shared_weight,1.0,joint,shared_weight_post,round_14,20,1.0,0.0,1.0,1.0
joint_shared_weight,1.0,joint,shared_weight_post,round_15,20,1.0,0.0,1.0,1.0
joint_shared_weight,1.0,joint,shared_weight_post,round_16,20,1.0,0.0,1.0,1.0
joint_shared_weight,1.0,joint,shared_weight_post,round_17,20,1.0,0.0,1.0,1.0
joint_shared_weight,1.0,joint,shared_weight_post,round_18,20,1.0,0.0,1.0,1.0
joint_shared_weight,1.0,joint,shared_weight_post,round_19,20,1.0,0.0,1.0,1.0
joint_shared_weight,1.0,joint,shared_weight_post,round_20,20,1.0,0.0,1.0,1.0
