model,alpha,seed,algorithm,episode,instant_regret,cumulative_regret,chosen_action,oracle_action,chosen_welfare,oracle_welfare,posterior_true_mass,true_types
analytic-mixed,0.0,91000,pact_factored,1,0.0,0.0,124,124,1.8302529467499458,1.8302529467499458,0.4865147412310144,0|2|1
analytic-mixed,0.0,91000,pact_factored,2,0.0,0.0,124,124,1.8302529467499458,1.8302529467499458,0.6109410024591805,0|2|1
analytic-mixed,0.0,91000,pact_factored,3,0.0,0.0,124,124,1.8302529467499458,1.8302529467499458,0.6988172651543142,0|2|1
analytic-mixed,0.0,91000,pact_factored,4,0.0,0.0,124,124,1.8302529467499458,1.8302529467499458,0.7666265070576999,0|2|1
analytic-mixed,0.0,91000,pact_factored,5,0.0,0.0,124,124,1.8302529467499458,1.8302529467499458,0.8197098898262579,0|2|1
analytic-mixed,0.0,91000,pact_factored,6,0.0,0.0,124,124,1.8302529467499458,1.8302529467499458,0.8609757669022384,0|2|1
analytic-mixed,0.0,91000,pact_factored,7,0.0,0.0,124,124,1.8302529467499458,1.8302529467499458,0.8927724015251566,0|2|1
analytic-mixed,0.0,91000,pact_factored,8,0.0,0.0,124,124,1.8302529467499458,1.8302529467499458,0.9171380619291799,0|2|1
analytic-mixed,0.0,91000,pact_factored,9,0.0,0.0,124,124,1.8302529467499458,1.8302529467499458,0.9357764936406084,0|2|1
analytic-mixed,0.0,91000,pact_factored,10,0.0,0.0,124,124,1.8302529467499458,1.8302529467499458,0.9500492824762992,0|2|1
analytic-mixed,0.0,91000,joint_psrl_coupled,1,0.0,0.0,124,124,1.8302529467499458,1.8302529467499458,0.113322628683704,0|2|1
analytic-mixed,0.0,91000,joint_psrl_coupled,2,0.0,0.0,124,124,1.8302529467499458,1.8302529467499458,0.22301981726929523,0|2|1
analytic-mixed,0.0,91000,joint_psrl_coupled,3,0.0,0.0,124,124,1.8302529467499458,1.8302529467499458,0.3344066908545175,0|2|1
analytic-mixed,0.0,91000,joint_psrl_coupled,4,0.0,0.0,124,124,1.8302529467499458,1.8302529467499458,0.44317630479977527,0|2|1
analytic-mixed,0.0,91000,joint_psrl_coupled,5,0.0,0.0,124,124,1.8302529467499458,1.8302529467499458,0.5437402699744421,0|2|1
analytic-mixed,0.0,91000,joint_psrl_coupled,6,0.0,0.0,124,124,1.8302529467499458,1.8302529467499458,0.6320198217573785,0|2|1
analytic-mixed,0.0,91000,joint_psrl_coupled,7,0.0,0.0,124,124,1.8302529467499458,1.8302529467499458,0.7064290915844791,0|2|1
analytic-mixed,0.0,91000,joint_psrl_coupled,8,0.0,0.0,124,124,1.8302529467499458,1.8302529467499458,0.7673654541452789,0|2|1
analytic-mixed,0.0,91000,joint_psrl_coupled,9,0.0,0.0,124,124,1.8302529467499458,1.8302529467499458,0.8163260170037842,0|2|1
analytic-mixed,0.0,91000,joint_psrl_coupled,10,0.0,0.0,124,124,1.8302529467499458,1.8302529467499458,0.8552024300130476,0|2|1
analytic-mixed,0.0,91000,psrl_notype,1,0.0,0.0,124,124,1.8302529467499458,1.8302529467499458,0.015625,0|2|1
analytic-mixed,0.0,91000,psrl_notype,2,0.0,0.0,124,124,1.8302529467499458,1.8302529467499458,0.015625,0|2|1
analytic-mixed,0.0,91000,psrl_notype,3,0.0,0.0,124,124,1.8302529467499458,1.8302529467499458,0.015625,0|2|1
analytic-mixed,0.0,91000,psrl_notype,4,0.0,0.0,124,124,1.8302529467499458,1.8302529467499458,0.015625,0|2|1
analytic-mixed,0.0,91000,psrl_notype,5,0.0,0.0,124,124,1.8302529467499458,1.8302529467499458,0.015625,0|2|1
analytic-mixed,0.0,91000,psrl_notype,6,0.0,0.0,124,124,1.8302529467499458,1.8302529467499458,0.015625,0|2|1
analytic-mixed,0.0,91000,psrl_notype,7,0.0,0.0,124,124,1.8302529467499458,1.8302529467499458,0.015625,0|2|1
analytic-mixed,0.0,91000,psrl_notype,8,0.0,0.0,124,124,1.8302529467499458,1.8302529467499458,0.015625,0|2|1
analytic-mixed,0.0,91000,psrl_notype,9,0.0,0.0,124,124,1.8302529467499458,1.8302529467499458,0.015625,0|2|1
analytic-mixed,0.0,91000,psrl_notype,10,0.0,0.0,124,124,1.8302529467499458,1.8302529467499458,0.015625,0|2|1
analytic-mixed,0.0,91001,pact_factored,1,0.0,0.0,124,124,1.6352038014706087,1.6352038014706087,0.6027167572750397,2|0|3
analytic-mixed,0.0,91001,pact_factored,2,0.0,0.0,124,124,1.6352038014706087,1.6352038014706087,0.742289242745791,2|0|3
analytic-mixed,0.0,91001,pact_factored,3,0.0,0.0,124,124,1.6352038014706087,1.6352038014706087,0.8170828631729544,2|0|3
analytic-mixed,0.0,91001,pact_factored,4,0.0,0.0,124,124,1.6352038014706087,1.6352038014706087,0.8630958196947253,2|0|3
analytic-mixed,0.0,91001,pact_factored,5,0.0,0.0,124,124,1.6352038014706087,1.6352038014706087,0.8936131680457718,2|0|3
analytic-mixed,0.0,91001,pact_factored,6,0.0,0.0,124,124,1.6352038014706087,1.6352038014706087,0.9151381654004269,2|0|3
analytic-mixed,0.0,91001,pact_factored,7,0.0,0.0,124,124,1.6352038014706087,1.6352038014706087,0.9311781547922298,2|0|3
analytic-mixed,0.0,91001,pact_factored,8,0.0,0.0,124,124,1.6352038014706087,1.6352038014706087,0.9436610870189139,2|0|3
analytic-mixed,0.0,91001,pact_factored,9,0.0,0.0,124,124,1.6352038014706087,1.6352038014706087,0.9536682998716443,2|0|3
analytic-mixed,0.0,91001,pact_factored,10,0.0,0.0,124,124,1.6352038014706087,1.6352038014706087,0.9618351332357179,2|0|3
analytic-mixed,0.0,91001,joint_psrl_coupled,1,0.0,0.0,124,124,1.6352038014706087,1.6352038014706087,0.20225496822039132,2|0|3
analytic-mixed,0.0,91001,joint_psrl_coupled,2,0.0,0.0,124,124,1.6352038014706087,1.6352038014706087,0.3854825805578124,2|0|3
analytic-mixed,0.0,91001,joint_psrl_coupled,3,0.0,0.0,124,124,1.6352038014706087,1.6352038014706087,0.5222237230617448,2|0|3
analytic-mixed,0.0,91001,joint_psrl_coupled,4,0.0,0.0,124,124,1.6352038014706087,1.6352038014706087,0.6219225951894943,2|0|3
analytic-mixed,0.0,91001,joint_psrl_coupled,5,0.0,0.0,124,124,1.6352038014706087,1.6352038014706087,0.6958506249733871,2|0|3
analytic-mixed,0.0,91001,joint_psrl_coupled,6,0.0,0.0,124,124,1.6352038014706087,1.6352038014706087,0.7522879825388608,2|0|3
analytic-mixed,0.0,91001,joint_psrl_coupled,7,0.0,0.0,124,124,1.6352038014706087,1.6352038014706087,0.7966700796616274,2|0|3
analytic-mixed,0.0,91001,joint_psrl_coupled,8,0.0,0.0,124,124,1.6352038014706087,1.6352038014706087,0.8324100864363287,2|0|3
analytic-mixed,0.0,91001,joint_psrl_coupled,9,0.0,0.0,124,124,1.6352038014706087,1.6352038014706087,0.8616529660217696,2|0|3
analytic-mixed,0.0,91001,joint_psrl_coupled,10,0.0,0.0,124,124,1.6352038014706087,1.6352038014706087,0.8857992966921588,2|0|3
analytic-mixed,0.0,91001,psrl_notype,1,0.0,0.0,124,124,1.6352038014706087,1.6352038014706087,0.015625,2|0|3
analytic-mixed,0.0,91001,psrl_notype,2,0.0,0.0,124,124,1.6352038014706087,1.6352038014706087,0.015625,2|0|3
analytic-mixed,0.0,91001,psrl_notype,3,0.0,0.0,124,124,1.6352038014706087,1.6352038014706087,0.015625,2|0|3
analytic-mixed,0.0,91001,psrl_notype,4,0.03164100133172543,0.03164100133172543,99,124,1.6035628001388833,1.6352038014706087,0.015625,2|0|3
analytic-mixed,0.0,91001,psrl_notype,5,0.0,0.03164100133172543,124,124,1.6352038014706087,1.6352038014706087,0.015625,2|0|3
analytic-mixed,0.0,91001,psrl_notype,6,0.0,0.03164100133172543,124,124,1.6352038014706087,1.6352038014706087,0.015625,2|0|3
analytic-mixed,0.0,91001,psrl_notype,7,0.0,0.03164100133172543,124,124,1.6352038014706087,1.6352038014706087,0.015625,2|0|3
analytic-mixed,0.0,91001,psrl_notype,8,0.0,0.03164100133172543,124,124,1.6352038014706087,1.6352038014706087,0.015625,2|0|3
analytic-mixed,0.0,91001,psrl_notype,9,0.0,0.03164100133172543,124,124,1.6352038014706087,1.6352038014706087,0.015625,2|0|3
analytic-mixed,0.0,91001,psrl_notype,10,0.0,0.03164100133172543,124,124,1.6352038014706087,1.6352038014706087,0.015625,2|0|3
analytic-mixed,1.0,91000,pact_factored,1,0.0,0.0,124,124,1.3253331627658205,1.3253331627658205,0.5440410787963631,0|2|1
analytic-mixed,1.0,91000,pact_factored,2,0.0,0.0,124,124,1.3253331627658205,1.3253331627658205,0.6540031744813367,0|2|1
analytic-mixed,1.0,91000,pact_factored,3,0.0,0.0,124,124,1.3253331627658205,1.3253331627658205,0.7259842918475359,0|2|1
analytic-mixed,1.0,91000,pact_factored,4,0.0,0.0,124,124,1.3253331627658205,1.3253331627658205,0.7822334325582543,0|2|1
analytic-mixed,1.0,91000,pact_factored,5,0.0,0.0,124,124,1.3253331627658205,1.3253331627658205,0.8279507648398013,0|2|1
analytic-mixed,1.0,91000,pact_factored,6,0.0,0.0,124,124,1.3253331627658205,1.3253331627658205,0.8649628783213728,0|2|1
analytic-mixed,1.0,91000,pact_factored,7,0.0,0.0,124,124,1.3253331627658205,1.3253331627658205,0.8945009322069257,0|2|1
analytic-mixed,1.0,91000,pact_factored,8,0.0,0.0,124,124,1.3253331627658205,1.3253331627658205,0.9177588788067683,0|2|1
analytic-mixed,1.0,91000,pact_factored,9,0.0,0.0,124,124,1.3253331627658205,1.3253331627658205,0.9359004177100948,0|2|1
analytic-mixed,1.0,91000,pact_factored,10,0.0,0.0,124,124,1.3253331627658205,1.3253331627658205,0.9499777815002709,0|2|1
analytic-mixed,1.0,91000,joint_psrl_coupled,1,0.0,0.0,124,124,1.3253331627658205,1.3253331627658205,0.12097324422760923,0|2|1
analytic-mixed,1.0,91000,joint_psrl_coupled,2,0.0,0.0,124,124,1.3253331627658205,1.3253331627658205,0.22191120213793544,0|2|1
analytic-mixed,1.0,91000,joint_psrl_coupled,3,0.0,0.0,124,124,1.3253331627658205,1.3253331627658205,0.3316287970592491,0|2|1
analytic-mixed,1.0,91000,joint_psrl_coupled,4,0.0,0.0,124,124,1.3253331627658205,1.3253331627658205,0.44188529502483564,0|2|1
analytic-mixed,1.0,91000,joint_psrl_coupled,5,0.0,0.0,124,124,1.3253331627658205,1.3253331627658205,0.5439400483967657,0|2|1
analytic-mixed,1.0,91000,joint_psrl_coupled,6,0.0,0.0,124,124,1.3253331627658205,1.3253331627658205,0.6329430581631388,0|2|1
analytic-mixed,1.0,91000,joint_psrl_coupled,7,0.0,0.0,124,124,1.3253331627658205,1.3253331627658205,0.7074944616700442,0|2|1
analytic-mixed,1.0,91000,joint_psrl_coupled,8,0.0,0.0,124,124,1.3253331627658205,1.3253331627658205,0.7683015455216887,0|2|1
analytic-mixed,1.0,91000,joint_psrl_coupled,9,0.0,0.0,124,124,1.3253331627658205,1.3253331627658205,0.8170580771936772,0|2|1
analytic-mixed,1.0,91000,joint_psrl_coupled,10,0.0,0.0,124,124,1.3253331627658205,1.3253331627658205,0.8557428129609643,0|2|1
analytic-mixed,1.0,91000,psrl_notype,1,0.0,0.0,124,124,1.3253331627658205,1.3253331627658205,0.015625,0|2|1
analytic-mixed,1.0,91000,psrl_notype,2,0.0,0.0,124,124,1.3253331627658205,1.3253331627658205,0.015625,0|2|1
analytic-mixed,1.0,91000,psrl_notype,3,0.24519958874617864,0.24519958874617864,121,124,1.0801335740196418,1.3253331627658205,0.015625,0|2|1
analytic-mixed,1.0,91000,psrl_notype,4,0.3760899151282009,0.6212895038743795,120,124,0.9492432476376196,1.3253331627658205,0.015625,0|2|1
analytic-mixed,1.0,91000,psrl_notype,5,0.0,0.6212895038743795,124,124,1.3253331627658205,1.3253331627658205,0.015625,0|2|1
analytic-mixed,1.0,91000,psrl_notype,6,0.48435917310016785,1.1056486769745475,95,124,0.8409739896656526,1.3253331627658205,0.015625,0|2|1
analytic-mixed,1.0,91000,psrl_notype,7,0.0,1.1056486769745475,124,124,1.3253331627658205,1.3253331627658205,0.015625,0|2|1
analytic-mixed,1.0,91000,psrl_notype,8,0.3760899151282009,1.4817385921027484,120,124,0.9492432476376196,1.3253331627658205,0.015625,0|2|1
analytic-mixed,1.0,91000,psrl_notype,9,0.0,1.4817385921027484,124,124,1.3253331627658205,1.3253331627658205,0.015625,0|2|1
analytic-mixed,1.0,91000,psrl_notype,10,0.0,1.4817385921027484,124,124,1.3253331627658205,1.3253331627658205,0.015625,0|2|1
analytic-mixed,1.0,91001,pact_factored,1,0.03457449040936078,0.03457449040936078,124,95,0.9465403335928912,0.981114824002252,0.5210245641062766,2|0|3
analytic-mixed,1.0,91001,pact_factored,2,0.157497110176808,0.1920716005861688,21,95,0.823617713825444,0.981114824002252,0.7188082756888411,2|0|3
analytic-mixed,1.0,91001,pact_factored,3,0.0,0.1920716005861688,95,95,0.981114824002252,0.981114824002252,0.8297246207230803,2|0|3
analytic-mixed,1.0,91001,pact_factored,4,0.157497110176808,0.3495687107629768,21,95,0.823617713825444,0.981114824002252,0.9132410339149527,2|0|3
analytic-mixed,1.0,91001,pact_factored,5,0.0,0.3495687107629768,95,95,0.981114824002252,0.981114824002252,0.9546660182951158,2|0|3
analytic-mixed,1.0,91001,pact_factored,6,0.0,0.3495687107629768,95,95,0.981114824002252,0.981114824002252,0.9748305858852642,2|0|3
analytic-mixed,1.0,91001,pact_factored,7,0.157497110176808,0.5070658209397848,21,95,0.823617713825444,0.981114824002252,0.9876979211692549,2|0|3
analytic-mixed,1.0,91001,pact_factored,8,0.0,0.5070658209397848,95,95,0.981114824002252,0.981114824002252,0.9935959924158603,2|0|3
analytic-mixed,1.0,91001,pact_factored,9,0.0,0.5070658209397848,95,95,0.981114824002252,0.981114824002252,0.9965725922195413,2|0|3
analytic-mixed,1.0,91001,pact_factored,10,0.0,0.5070658209397848,95,95,0.981114824002252,0.981114824002252,0.9981256242942168,2|0|3
analytic-mixed,1.0,91001,joint_psrl_coupled,1,0.040843999252362595,0.040843999252362595,120,95,0.9402708247498894,0.981114824002252,0.2634403753324127,2|0|3
analytic-mixed,1.0,91001,joint_psrl_coupled,2,0.1466875142343853,0.1875315134867479,48,95,0.8344273097678667,0.981114824002252,0.49826979867457616,2|0|3
analytic-mixed,1.0,91001,joint_psrl_coupled,3,0.0,0.1875315134867479,95,95,0.981114824002252,0.981114824002252,0.6706324058459787,2|0|3
analytic-mixed,1.0,91001,joint_psrl_coupled,4,0.040843999252362595,0.2283755127391105,120,95,0.9402708247498894,0.981114824002252,0.7672578967353344,2|0|3
analytic-mixed,1.0,91001,joint_psrl_coupled,5,0.157497110176808,0.3858726229159185,21,95,0.823617713825444,0.981114824002252,0.9154399197008195,2|0|3
analytic-mixed,1.0,91001,joint_psrl_coupled,6,0.0,0.3858726229159185,95,95,0.981114824002252,0.981114824002252,0.9484855760220918,2|0|3
analytic-mixed,1.0,91001,joint_psrl_coupled,7,0.0,0.3858726229159185,95,95,0.981114824002252,0.981114824002252,0.9676632645956956,2|0|3
analytic-mixed,1.0,91001,joint_psrl_coupled,8,0.0,0.3858726229159185,95,95,0.981114824002252,0.981114824002252,0.9794749146758878,2|0|3
analytic-mixed,1.0,91001,joint_psrl_coupled,9,0.0,0.3858726229159185,95,95,0.981114824002252,0.981114824002252,0.9869079651017532,2|0|3
analytic-mixed,1.0,91001,joint_psrl_coupled,10,0.0,0.3858726229159185,95,95,0.981114824002252,0.981114824002252,0.9916237170233474,2|0|3
analytic-mixed,1.0,91001,psrl_notype,1,0.03457449040936078,0.03457449040936078,124,95,0.9465403335928912,0.981114824002252,0.015625,2|0|3
analytic-mixed,1.0,91001,psrl_notype,2,0.1976085973364372,0.232183087745798,24,95,0.7835062266658148,0.981114824002252,0.015625,2|0|3
analytic-mixed,1.0,91001,psrl_notype,3,0.0,0.232183087745798,95,95,0.981114824002252,0.981114824002252,0.015625,2|0|3
analytic-mixed,1.0,91001,psrl_notype,4,0.157497110176808,0.389680197922606,21,95,0.823617713825444,0.981114824002252,0.015625,2|0|3
analytic-mixed,1.0,91001,psrl_notype,5,0.03457449040936078,0.4242546883319668,124,95,0.9465403335928912,0.981114824002252,0.015625,2|0|3
analytic-mixed,1.0,91001,psrl_notype,6,0.1466875142343853,0.5709422025663521,48,95,0.8344273097678667,0.981114824002252,0.015625,2|0|3
analytic-mixed,1.0,91001,psrl_notype,7,0.03457449040936078,0.6055166929757129,124,95,0.9465403335928912,0.981114824002252,0.015625,2|0|3
analytic-mixed,1.0,91001,psrl_notype,8,0.0,0.6055166929757129,95,95,0.981114824002252,0.981114824002252,0.015625,2|0|3
analytic-mixed,1.0,91001,psrl_notype,9,0.1976085973364372,0.8031252903121501,24,95,0.7835062266658148,0.981114824002252,0.015625,2|0|3
analytic-mixed,1.0,91001,psrl_notype,10,0.1976085973364372,1.0007338876485874,24,95,0.7835062266658148,0.981114824002252,0.015625,2|0|3
