seed,n,lambda,events,joint_entries,factored_entries,storage_ratio,oracle_utility,source_scheme,environment_index,evidence_stream,driver_reject_penalty,tracker,utility,max_tv,update_wallclock_s,wallclock,mean_update_us,p95_update_us,peak_mem_bytes,peak_mem,belief_entries,snapshots,assignments,served,driver_rejects,passenger_rejects,sampling_rng_seed
0,8,0.0,56,4294967296,128,33554432.0,52.48999999999999,closed-loop regeneration by fleet size,0,nearest-policy saved assignment events; identical order across trackers,2.0,factored,33.55999999999999,nan,0.0003444,0.0003444,6.1499999999999995,9.75,1024,1024,128,39,56,31,10,15,190000
1,8,0.0,62,4294967296,128,33554432.0,36.74,closed-loop regeneration by fleet size,1,nearest-policy saved assignment events; identical order across trackers,2.0,factored,12.189999999999998,nan,0.0004027,0.0004027,6.495161290322581,10.995,1024,1024,128,40,62,23,16,23,190001
2,8,0.0,49,4294967296,128,33554432.0,73.80000000000001,closed-loop regeneration by fleet size,2,nearest-policy saved assignment events; identical order across trackers,2.0,factored,47.81000000000002,nan,0.000306,0.000306,6.244897959183674,11.499999999999995,1024,1024,128,32,49,33,9,7,190002
3,8,0.0,54,4294967296,128,33554432.0,50.35000000000001,closed-loop regeneration by fleet size,3,nearest-policy saved assignment events; identical order across trackers,2.0,factored,38.57,nan,0.0003868,0.0003868,7.162962962962962,15.474999999999975,1024,1024,128,35,54,31,6,17,190003
4,8,0.0,83,4294967296,128,33554432.0,-21.64,closed-loop regeneration by fleet size,4,nearest-policy saved assignment events; identical order across trackers,2.0,factored,-43.84,nan,0.0005014,0.0005014,6.040963855421687,10.78,1024,1024,128,45,76,24,43,9,190004
5,8,0.0,75,4294967296,128,33554432.0,46.96000000000002,closed-loop regeneration by fleet size,5,nearest-policy saved assignment events; identical order across trackers,2.0,factored,43.310000000000024,nan,0.0004662,0.0004662,6.216,11.099999999999998,1024,1024,128,52,75,45,17,13,190005
6,8,0.0,60,4294967296,128,33554432.0,37.45,closed-loop regeneration by fleet size,6,nearest-policy saved assignment events; identical order across trackers,2.0,factored,17.710000000000008,nan,0.0003845,0.0003845,6.408333333333333,12.169999999999996,1024,1024,128,32,61,28,20,13,190006
7,8,0.0,66,4294967296,128,33554432.0,37.42,closed-loop regeneration by fleet size,7,nearest-policy saved assignment events; identical order across trackers,2.0,factored,28.73,nan,0.0003961,0.0003961,6.001515151515152,11.5,1024,1024,128,36,64,34,24,6,190007
8,8,0.0,99,4294967296,128,33554432.0,-16.770000000000003,closed-loop regeneration by fleet size,8,nearest-policy saved assignment events; identical order across trackers,2.0,factored,-35.449999999999996,nan,0.0006335,0.0006335,6.398989898989898,11.639999999999992,1024,1024,128,64,92,31,53,8,190008
9,8,0.0,52,4294967296,128,33554432.0,92.39999999999999,closed-loop regeneration by fleet size,9,nearest-policy saved assignment events; identical order across trackers,2.0,factored,66.47999999999999,nan,0.0003384,0.0003384,6.5076923076923086,11.719999999999985,1024,1024,128,31,52,38,8,6,190009
10,8,0.0,61,4294967296,128,33554432.0,55.61,closed-loop regeneration by fleet size,10,nearest-policy saved assignment events; identical order across trackers,2.0,factored,50.53,nan,0.0003677,0.0003677,6.027868852459017,10.8,1024,1024,128,41,61,39,14,8,190010
11,8,0.0,51,4294967296,128,33554432.0,84.41999999999999,closed-loop regeneration by fleet size,11,nearest-policy saved assignment events; identical order across trackers,2.0,factored,71.23000000000002,nan,0.0003698,0.0003698,7.2509803921568645,16.0,1024,1024,128,34,51,40,5,6,190011
12,8,0.0,66,4294967296,128,33554432.0,45.489999999999995,closed-loop regeneration by fleet size,12,nearest-policy saved assignment events; identical order across trackers,2.0,factored,37.91,nan,0.0004674,0.0004674,7.081818181818182,16.25,1024,1024,128,39,66,37,14,15,190012
13,8,0.0,41,4294967296,128,33554432.0,75.12999999999998,closed-loop regeneration by fleet size,13,nearest-policy saved assignment events; identical order across trackers,2.0,factored,70.11,nan,0.0002505,0.0002505,6.109756097560975,6.8,1024,1024,128,22,41,33,2,6,190013
14,8,0.0,87,4294967296,128,33554432.0,-2.9500000000000184,closed-loop regeneration by fleet size,14,nearest-policy saved assignment events; identical order across trackers,2.0,factored,-16.360000000000007,nan,0.0006118,0.0006118,7.032183908045978,11.990000000000002,1024,1024,128,47,84,36,43,5,190014
15,8,0.0,79,4294967296,128,33554432.0,7.530000000000001,closed-loop regeneration by fleet size,15,nearest-policy saved assignment events; identical order across trackers,2.0,factored,-3.6900000000000013,nan,0.0005415,0.0005415,6.8544303797468356,12.169999999999968,1024,1024,128,44,80,33,36,11,190015
16,8,0.0,55,4294967296,128,33554432.0,70.09,closed-loop regeneration by fleet size,16,nearest-policy saved assignment events; identical order across trackers,2.0,factored,46.210000000000015,nan,0.0004688,0.0004688,8.523636363636363,19.22,1024,1024,128,36,55,35,14,6,190016
17,8,0.0,65,4294967296,128,33554432.0,57.87000000000001,closed-loop regeneration by fleet size,17,nearest-policy saved assignment events; identical order across trackers,2.0,factored,36.599999999999994,nan,0.0004905,0.0004905,7.546153846153846,16.639999999999997,1024,1024,128,42,65,37,13,15,190017
18,8,0.0,64,4294967296,128,33554432.0,66.72000000000001,closed-loop regeneration by fleet size,18,nearest-policy saved assignment events; identical order across trackers,2.0,factored,50.839999999999996,nan,0.0004893,0.0004893,7.6453125,18.57499999999998,1024,1024,128,42,64,38,14,12,190018
19,8,0.0,64,4294967296,128,33554432.0,73.93000000000002,closed-loop regeneration by fleet size,19,nearest-policy saved assignment events; identical order across trackers,2.0,factored,57.46,nan,0.000426,0.000426,6.65625,12.154999999999998,1024,1024,128,42,64,41,10,13,190019
0,8,0.5,56,4294967296,128,33554432.0,34.12,closed-loop regeneration by fleet size,0,nearest-policy saved assignment events; identical order across trackers,2.0,factored,-3.129999999999999,nan,0.0008623,0.0008623,15.398214285714285,27.3,1024,1024,128,39,56,24,17,15,190500
1,8,0.5,62,4294967296,128,33554432.0,43.09000000000001,closed-loop regeneration by fleet size,1,nearest-policy saved assignment events; identical order across trackers,2.0,factored,3.8000000000000007,nan,0.0004681,0.0004681,7.550000000000001,13.889999999999999,1024,1024,128,40,62,25,21,16,190501
2,8,0.5,49,4294967296,128,33554432.0,64.61000000000001,closed-loop regeneration by fleet size,2,nearest-policy saved assignment events; identical order across trackers,2.0,factored,18.94,nan,0.0003905,0.0003905,7.96938775510204,14.899999999999995,1024,1024,128,32,49,27,12,10,190502
3,8,0.5,54,4294967296,128,33554432.0,54.57000000000001,closed-loop regeneration by fleet size,3,nearest-policy saved assignment events; identical order across trackers,2.0,factored,13.690000000000001,nan,0.0004382,0.0004382,8.114814814814814,21.539999999999996,1024,1024,128,35,54,26,11,17,190503
4,8,0.5,83,4294967296,128,33554432.0,-22.63999999999999,closed-loop regeneration by fleet size,4,nearest-policy saved assignment events; identical order across trackers,2.0,factored,-70.43,nan,0.0007068,0.0007068,8.515662650602408,20.77,1024,1024,128,45,76,19,50,7,190504
5,8,0.5,75,4294967296,128,33554432.0,16.969999999999995,closed-loop regeneration by fleet size,5,nearest-policy saved assignment events; identical order across trackers,2.0,factored,-20.34,nan,0.0008285,0.0008285,11.046666666666667,25.939999999999998,1024,1024,128,52,75,29,29,17,190505
6,8,0.5,60,4294967296,128,33554432.0,30.460000000000008,closed-loop regeneration by fleet size,6,nearest-policy saved assignment events; identical order across trackers,2.0,factored,-5.279999999999998,nan,0.0004718,0.0004718,7.863333333333333,20.315,1024,1024,128,32,61,25,28,8,190506
7,8,0.5,66,4294967296,128,33554432.0,8.700000000000008,closed-loop regeneration by fleet size,7,nearest-policy saved assignment events; identical order across trackers,2.0,factored,-54.88,nan,0.0004194,0.0004194,6.354545454545455,10.925,1024,1024,128,36,64,17,43,4,190507
8,8,0.5,99,4294967296,128,33554432.0,-47.68000000000001,closed-loop regeneration by fleet size,8,nearest-policy saved assignment events; identical order across trackers,2.0,factored,-86.05,nan,0.0009928,0.0009928,10.028282828282828,18.24,1024,1024,128,64,92,22,64,6,190508
9,8,0.5,52,4294967296,128,33554432.0,81.14999999999999,closed-loop regeneration by fleet size,9,nearest-policy saved assignment events; identical order across trackers,2.0,factored,36.74,nan,0.0003134,0.0003134,6.026923076923077,10.724999999999998,1024,1024,128,31,52,31,11,10,190509
10,8,0.5,61,4294967296,128,33554432.0,44.230000000000004,closed-loop regeneration by fleet size,10,nearest-policy saved assignment events; identical order across trackers,2.0,factored,-0.1200000000000001,nan,0.0004746,0.0004746,7.780327868852458,14.0,1024,1024,128,41,61,27,25,9,190510
11,8,0.5,51,4294967296,128,33554432.0,70.51,closed-loop regeneration by fleet size,11,nearest-policy saved assignment events; identical order across trackers,2.0,factored,35.72999999999999,nan,0.0004025,0.0004025,7.892156862745099,14.75,1024,1024,128,34,51,35,12,4,190511
12,8,0.5,66,4294967296,128,33554432.0,46.690000000000005,closed-loop regeneration by fleet size,12,nearest-policy saved assignment events; identical order across trackers,2.0,factored,13.589999999999996,nan,0.0004574,0.0004574,6.93030303030303,10.925,1024,1024,128,39,66,33,20,13,190512
13,8,0.5,41,4294967296,128,33554432.0,68.29999999999998,closed-loop regeneration by fleet size,13,nearest-policy saved assignment events; identical order across trackers,2.0,factored,36.18999999999999,nan,0.0004058,0.0004058,9.897560975609757,19.2,1024,1024,128,22,41,26,7,8,190513
14,8,0.5,87,4294967296,128,33554432.0,-23.44,closed-loop regeneration by fleet size,14,nearest-policy saved assignment events; identical order across trackers,2.0,factored,-60.690000000000005,nan,0.0010958,0.0010958,12.595402298850576,24.76,1024,1024,128,47,84,24,51,9,190514
15,8,0.5,79,4294967296,128,33554432.0,9.52,closed-loop regeneration by fleet size,15,nearest-policy saved assignment events; identical order across trackers,2.0,factored,-21.889999999999997,nan,0.0006801,0.0006801,8.60886075949367,15.12,1024,1024,128,44,80,32,40,8,190515
16,8,0.5,55,4294967296,128,33554432.0,52.39000000000001,closed-loop regeneration by fleet size,16,nearest-policy saved assignment events; identical order across trackers,2.0,factored,5.579999999999998,nan,0.0006502,0.0006502,11.82181818181818,22.879999999999992,1024,1024,128,36,55,27,22,6,190516
17,8,0.5,65,4294967296,128,33554432.0,56.920000000000016,closed-loop regeneration by fleet size,17,nearest-policy saved assignment events; identical order across trackers,2.0,factored,16.130000000000003,nan,0.0005891,0.0005891,9.063076923076922,16.939999999999994,1024,1024,128,42,65,31,16,18,190517
18,8,0.5,64,4294967296,128,33554432.0,53.73999999999998,closed-loop regeneration by fleet size,18,nearest-policy saved assignment events; identical order across trackers,2.0,factored,15.589999999999996,nan,0.0004449,0.0004449,6.9515625,12.969999999999999,1024,1024,128,42,64,29,20,15,190518
19,8,0.5,64,4294967296,128,33554432.0,45.300000000000004,closed-loop regeneration by fleet size,19,nearest-policy saved assignment events; identical order across trackers,2.0,factored,-12.52,nan,0.0005259,0.0005259,8.2171875,15.919999999999995,1024,1024,128,42,64,25,27,12,190519
0,8,1.0,56,4294967296,128,33554432.0,30.639999999999993,closed-loop regeneration by fleet size,0,nearest-policy saved assignment events; identical order across trackers,2.0,factored,-6.9999999999999964,nan,0.0003965,0.0003965,7.080357142857143,13.725,1024,1024,128,39,56,22,17,17,191000
1,8,1.0,62,4294967296,128,33554432.0,24.15,closed-loop regeneration by fleet size,1,nearest-policy saved assignment events; identical order across trackers,2.0,factored,-14.960000000000004,nan,0.0005786,0.0005786,9.332258064516127,14.439999999999994,1024,1024,128,40,62,20,24,18,191001
2,8,1.0,49,4294967296,128,33554432.0,58.61,closed-loop regeneration by fleet size,2,nearest-policy saved assignment events; identical order across trackers,2.0,factored,16.200000000000003,nan,0.0003724,0.0003724,7.6,14.439999999999998,1024,1024,128,32,49,27,14,8,191002
3,8,1.0,54,4294967296,128,33554432.0,30.17,closed-loop regeneration by fleet size,3,nearest-policy saved assignment events; identical order across trackers,2.0,factored,4.769999999999999,nan,0.0003932,0.0003932,7.2814814814814826,13.639999999999986,1024,1024,128,35,54,25,12,17,191003
4,8,1.0,83,4294967296,128,33554432.0,-32.34,closed-loop regeneration by fleet size,4,nearest-policy saved assignment events; identical order across trackers,2.0,factored,-61.03,nan,0.0011548,0.0011548,13.913253012048193,25.09,1024,1024,128,45,76,19,47,10,191004
5,8,1.0,75,4294967296,128,33554432.0,10.799999999999995,closed-loop regeneration by fleet size,5,nearest-policy saved assignment events; identical order across trackers,2.0,factored,-5.580000000000002,nan,0.0009151,0.0009151,12.201333333333336,22.839999999999996,1024,1024,128,52,75,29,21,25,191005
6,8,1.0,60,4294967296,128,33554432.0,26.099999999999998,closed-loop regeneration by fleet size,6,nearest-policy saved assignment events; identical order across trackers,2.0,factored,-1.8199999999999927,nan,0.0005657,0.0005657,9.428333333333333,19.48499999999999,1024,1024,128,32,61,25,25,11,191006
7,8,1.0,66,4294967296,128,33554432.0,5.370000000000003,closed-loop regeneration by fleet size,7,nearest-policy saved assignment events; identical order across trackers,2.0,factored,-17.23,nan,0.0009772,0.0009772,14.806060606060607,24.099999999999998,1024,1024,128,36,64,24,31,9,191007
8,8,1.0,99,4294967296,128,33554432.0,-51.26,closed-loop regeneration by fleet size,8,nearest-policy saved assignment events; identical order across trackers,2.0,factored,-92.81,nan,0.000792,0.000792,8.0,21.129999999999992,1024,1024,128,64,92,18,62,12,191008
9,8,1.0,52,4294967296,128,33554432.0,73.77,closed-loop regeneration by fleet size,9,nearest-policy saved assignment events; identical order across trackers,2.0,factored,23.28000000000001,nan,0.0003611,0.0003611,6.94423076923077,15.034999999999998,1024,1024,128,31,52,28,17,7,191009
10,8,1.0,61,4294967296,128,33554432.0,43.32,closed-loop regeneration by fleet size,10,nearest-policy saved assignment events; identical order across trackers,2.0,factored,14.459999999999997,nan,0.0004839,0.0004839,7.9327868852459025,16.0,1024,1024,128,41,61,31,21,9,191010
11,8,1.0,51,4294967296,128,33554432.0,62.06000000000003,closed-loop regeneration by fleet size,11,nearest-policy saved assignment events; identical order across trackers,2.0,factored,25.280000000000005,nan,0.0005094,0.0005094,9.988235294117647,19.200000000000003,1024,1024,128,34,51,30,14,7,191011
12,8,1.0,66,4294967296,128,33554432.0,30.009999999999994,closed-loop regeneration by fleet size,12,nearest-policy saved assignment events; identical order across trackers,2.0,factored,8.139999999999995,nan,0.000506,0.000506,7.666666666666667,14.35,1024,1024,128,39,66,31,18,17,191012
13,8,1.0,41,4294967296,128,33554432.0,61.3,closed-loop regeneration by fleet size,13,nearest-policy saved assignment events; identical order across trackers,2.0,factored,37.940000000000005,nan,0.000328,0.000328,8.0,16.1,1024,1024,128,22,41,26,5,10,191013
14,8,1.0,87,4294967296,128,33554432.0,-30.72,closed-loop regeneration by fleet size,14,nearest-policy saved assignment events; identical order across trackers,2.0,factored,-66.28,nan,0.0009977,0.0009977,11.46781609195402,30.040000000000003,1024,1024,128,47,84,22,52,10,191014
15,8,1.0,79,4294967296,128,33554432.0,-15.989999999999991,closed-loop regeneration by fleet size,15,nearest-policy saved assignment events; identical order across trackers,2.0,factored,-38.23,nan,0.0005824,0.0005824,7.37215189873418,12.289999999999994,1024,1024,128,44,80,24,41,15,191015
16,8,1.0,55,4294967296,128,33554432.0,48.73000000000001,closed-loop regeneration by fleet size,16,nearest-policy saved assignment events; identical order across trackers,2.0,factored,14.040000000000001,nan,0.0003431,0.0003431,6.238181818181817,10.389999999999999,1024,1024,128,36,55,27,14,14,191016
17,8,1.0,65,4294967296,128,33554432.0,56.85000000000001,closed-loop regeneration by fleet size,17,nearest-policy saved assignment events; identical order across trackers,2.0,factored,29.979999999999997,nan,0.0004568,0.0004568,7.027692307692307,13.959999999999988,1024,1024,128,42,65,36,13,16,191017
18,8,1.0,64,4294967296,128,33554432.0,39.27999999999999,closed-loop regeneration by fleet size,18,nearest-policy saved assignment events; identical order across trackers,2.0,factored,-0.5399999999999991,nan,0.0004423,0.0004423,6.9109375,11.949999999999994,1024,1024,128,42,64,26,22,16,191018
19,8,1.0,64,4294967296,128,33554432.0,45.300000000000004,closed-loop regeneration by fleet size,19,nearest-policy saved assignment events; identical order across trackers,2.0,factored,21.579999999999995,nan,0.0005047,0.0005047,7.8859375,18.094999999999974,1024,1024,128,42,64,32,14,18,191019
