sweep,n,m,method,seeds,K,beta,rho_hat,final_regret_mean,final_regret_sem,median_burn_in_all_agents,burn_in_censored_seeds,median_agent_burn_in,storage_entries,storage_theoretical_bytes,storage_allocated_bytes,planner_ms_mean,planner_ms_sem,update_us_per_event_mean,update_us_per_event_sem,planner_feasible,joint_feasible,feasible,cap_rule
s1_population_m4,2,4,oracle,10,50,0.25,7.294051330375417e-06,0.0,0.0,nan,10,nan,0,0,0,0.023639999999999998,0.000839601489590535,0.0,0.0,True,True,True,none
s1_population_m4,2,4,pact,10,50,0.25,7.294051330375417e-06,0.0,0.0,8.0,0,8.0,8,64,64,0.009711200000000001,0.00031608056404330186,2.9997,0.1294770962638328,True,True,True,none
s1_population_m4,2,4,pact_plus,10,50,0.25,7.294051330375417e-06,0.0,0.0,8.0,0,8.0,8,64,64,0.028774,0.0009496132785284307,2.9695,0.1237152392425512,True,True,True,none
s1_population_m4,2,4,joint_psrl_uniform,10,50,0.25,7.294051330375417e-06,0.0,0.0,8.0,0,8.0,16,128,128,0.009711200000000001,0.00031608056404330186,7.174199679866433,0.1461242228514224,True,True,True,none
s1_population_m4,2,4,psrl_notype,10,50,0.25,7.294051330375417e-06,0.0,0.0,nan,10,nan,8,64,64,0.0096624,0.00023531442419977774,0.0,0.0,True,True,True,none
s1_population_m4,3,4,oracle,10,50,0.25,7.294051330375417e-06,0.0,0.0,nan,10,nan,0,0,0,0.041199999999999994,0.0008824133422683648,0.0,0.0,True,True,True,none
s1_population_m4,3,4,pact,10,50,0.25,7.294051330375417e-06,0.0,0.0,8.0,0,8.0,12,96,96,0.012456,0.00038477639447800715,1.7825333333333333,0.051533280186909634,True,True,True,none
s1_population_m4,3,4,pact_plus,10,50,0.25,7.294051330375417e-06,0.0,0.0,8.0,0,8.0,12,96,96,0.0424026,0.0007931751636053165,2.1080666666666668,0.05903271807741207,True,True,True,none
s1_population_m4,3,4,joint_psrl_uniform,10,50,0.25,7.294051330375417e-06,0.0,0.0,8.0,0,8.0,64,512,512,0.012456,0.00038477639447800715,7.385133571612338,0.18661100474426642,True,True,True,none
s1_population_m4,3,4,psrl_notype,10,50,0.25,7.294051330375417e-06,0.0,0.0,nan,10,nan,12,96,96,0.0134714,0.00040302633230231757,0.0,0.0,True,True,True,none
s1_population_m4,4,4,oracle,10,50,0.25,7.294051330375417e-06,0.0,0.0,nan,10,nan,0,0,0,0.055299999999999995,0.000604492201474334,0.0,0.0,True,True,True,none
s1_population_m4,4,4,pact,10,50,0.25,7.294051330375417e-06,0.0,0.0,8.0,0,8.0,16,128,128,0.017390999999999997,0.0005795010966703032,1.43565,0.041717518594895246,True,True,True,none
s1_population_m4,4,4,pact_plus,10,50,0.25,7.294051330375417e-06,0.0,0.0,8.0,0,8.0,16,128,128,0.06995100000000001,0.0010566239759029256,1.553,0.03873949531155495,True,True,True,none
s1_population_m4,4,4,joint_psrl_uniform,10,50,0.25,7.294051330375417e-06,0.0,0.0,8.0,0,8.0,256,2048,2048,0.017390999999999997,0.0005795010966703032,6.969950773054734,0.07503392078030904,True,True,True,none
s1_population_m4,4,4,psrl_notype,10,50,0.25,7.294051330375417e-06,0.0,0.0,nan,10,nan,16,128,128,0.0227396,0.0005489781212719416,0.0,0.0,True,True,True,none
s1_population_m4,5,4,oracle,10,50,0.25,7.294051330375417e-06,0.0,0.0,nan,10,nan,0,0,0,0.13168000000000002,0.0009487694804609326,0.0,0.0,True,True,True,none
s1_population_m4,5,4,pact,10,50,0.25,7.294051330375417e-06,0.0,0.0,8.0,0,3.0,20,160,160,0.024615,0.0013475952269845657,1.0491199999999998,0.02841496210348846,True,True,True,none
s1_population_m4,5,4,pact_plus,10,50,0.25,7.294051330375417e-06,0.0,0.0,8.0,0,3.0,20,160,160,0.18086860000000002,0.0019585419273127863,1.41792,0.04140108509319275,True,True,True,none
s1_population_m4,5,4,joint_psrl_uniform,10,50,0.25,7.294051330375417e-06,0.0,0.0,8.0,0,3.0,1024,8192,8192,0.024615,0.0013475952269845657,8.854279923252761,0.12094079625808525,True,True,True,none
s1_population_m4,5,4,psrl_notype,10,50,0.25,7.294051330375417e-06,0.0,0.0,nan,10,nan,20,160,160,0.08481659999999999,0.0023317358411590904,0.0,0.0,True,True,True,none
s1_population_m4,6,4,oracle,10,50,0.25,7.294051330375417e-06,0.0,0.0,nan,10,nan,0,0,0,0.47812,0.00603766328606621,0.0,0.0,True,True,True,none
s1_population_m4,6,4,pact,10,50,0.25,7.294051330375417e-06,0.0,0.0,8.0,0,8.0,24,192,192,0.060343400000000005,0.005413098634472964,0.9706333333333332,0.037352525693515055,True,True,True,none
s1_population_m4,6,4,pact_plus,10,50,0.25,7.294051330375417e-06,0.0,0.0,8.0,0,8.0,24,192,192,0.7603294,0.0061599057451277375,1.7818999999999998,0.09442469158179012,True,True,True,none
s1_population_m4,6,4,joint_psrl_uniform,10,50,0.25,7.294051330375417e-06,0.0,0.0,8.0,0,8.0,4096,32768,32768,0.060343400000000005,0.005413098634472964,14.32690043778469,0.20080680640286913,True,True,True,none
s1_population_m4,6,4,psrl_notype,10,50,0.25,7.294051330375417e-06,0.0,0.0,nan,10,nan,24,192,192,0.33357820000000005,0.0052429669935362576,0.0,0.0,True,True,True,none
s1_population_m4,7,4,oracle,10,50,0.25,9.419005153610271e-08,0.0,0.0,nan,10,nan,0,0,0,2.62936,0.012594948760060001,0.0,0.0,True,True,True,none
s1_population_m4,7,4,pact,10,50,0.25,9.419005153610271e-08,0.0,0.0,8.0,0,8.0,28,224,224,0.3303476,0.03721869638918456,1.1455142857142855,0.04641664232224239,True,True,True,none
s1_population_m4,7,4,pact_plus,10,50,0.25,9.419005153610271e-08,0.0,0.0,8.0,0,8.0,28,224,224,6.6370426,0.06410927185646716,4.296828571428571,0.057728918205860465,True,True,True,none
s1_population_m4,7,4,joint_psrl_uniform,10,50,0.25,9.419005153610271e-08,0.0,0.0,8.0,0,8.0,16384,131072,131072,0.3303476,0.03721869638918456,42.9323142494208,1.084708359321501,True,True,True,none
s1_population_m4,7,4,psrl_notype,10,50,0.25,9.419005153610271e-08,0.0,0.0,nan,10,nan,28,224,224,2.5627116,0.0316191056948289,0.0,0.0,True,True,True,none
s1_population_m4,8,4,oracle,10,50,0.25,3.721461408034976e-06,0.0,0.0,nan,10,nan,0,0,0,21.885279999999998,0.0836943945468101,0.0,0.0,True,True,True,none
s1_population_m4,8,4,pact,10,50,0.25,3.721461408034976e-06,0.0,0.0,8.0,0,8.0,32,256,256,3.3897665999999997,0.4031743954089788,1.9053249999999997,0.08544584336318585,True,True,True,none
s1_population_m4,8,4,pact_plus,10,50,0.25,3.721461408034976e-06,0.0,0.0,8.0,0,8.0,32,256,256,50.742093399999995,0.20058516915255922,4.725625,0.03319042485950894,True,True,True,none
s1_population_m4,8,4,joint_psrl_uniform,10,50,0.25,3.721461408034976e-06,0.0,0.0,8.0,0,8.0,65536,524288,524288,3.3897665999999997,0.4031743954089788,136.42300019273534,2.2808777651487553,True,True,True,none
s1_population_m4,8,4,psrl_notype,10,50,0.25,3.721461408034976e-06,0.0,0.0,nan,10,nan,32,256,256,21.9968302,0.30073227901223987,0.0,0.0,True,True,True,none
s1_population_m4,9,4,oracle,10,50,0.25,7.294051330375417e-06,0.0,0.0,nan,10,nan,0,0,0,126.33471000000002,0.21625312275201952,0.0,0.0,True,True,True,none
s1_population_m4,9,4,pact,10,50,0.25,7.294051330375417e-06,0.0,0.0,8.0,0,8.0,36,288,288,17.1004866,1.9325964269433153,1.3444666666666665,0.09887789500032948,True,True,True,none
s1_population_m4,9,4,pact_plus,10,50,0.25,7.294051330375417e-06,0.0,0.0,8.0,0,8.0,36,288,288,310.465224,1.4251267362457463,4.730733333333333,0.06295361573205373,True,True,True,none
s1_population_m4,9,4,joint_psrl_uniform,10,50,0.25,7.294051330375417e-06,0.0,0.0,8.0,0,8.0,262144,2097152,2097152,17.1004866,1.9325964269433153,1295.9171111902428,26.144086604171576,True,True,True,none
s1_population_m4,9,4,psrl_notype,10,50,0.25,7.294051330375417e-06,0.0,0.0,nan,10,nan,36,288,288,125.0291642,1.0450286128309538,0.0,0.0,True,True,True,none
s1_population_m4,10,4,oracle,10,50,0.25,7.294051330375417e-06,0.0,0.0,nan,10,nan,0,0,0,708.3639199999999,1.3634644241222034,0.0,0.0,True,True,True,none
s1_population_m4,10,4,pact,10,50,0.25,7.294051330375417e-06,0.0,0.0,8.0,0,3.0,40,320,320,90.90946360000001,10.533828261242553,1.104,0.06255126314505634,True,True,True,none
s1_population_m4,10,4,pact_plus,10,50,0.25,7.294051330375417e-06,0.0,0.0,8.0,0,3.0,40,320,320,2186.2525848,23.726946258211015,5.606059999999999,0.0848093591982349,True,True,True,none
s1_population_m4,10,4,joint_psrl_uniform,10,50,0.25,7.294051330375417e-06,0.0,0.0,8.0,0,3.0,1048576,8388608,8388608,90.90946360000001,10.533828261242553,10342.370839917567,222.43442619744286,True,True,True,none
s1_population_m4,10,4,psrl_notype,10,50,0.25,7.294051330375417e-06,0.0,0.0,nan,10,nan,40,320,320,1051.5152765999999,8.593688291488439,0.0,0.0,True,True,True,none
s2_library_n3,3,4,oracle,10,50,0.25,7.294051330375417e-06,0.0,0.0,nan,10,nan,0,0,0,0.0064600000000000005,8.80471726361411e-05,0.0,0.0,True,True,True,none
s2_library_n3,3,4,pact,10,50,0.25,7.294051330375417e-06,0.0,0.0,8.0,0,8.0,12,96,96,0.0129042,0.00040923135917309824,2.0282,0.07119569631901002,True,True,True,none
s2_library_n3,3,4,pact_plus,10,50,0.25,7.294051330375417e-06,0.0,0.0,8.0,0,8.0,12,96,96,0.042898,0.000904556264735447,2.0876666666666663,0.056177841715391655,True,True,True,none
s2_library_n3,3,4,joint_psrl_uniform,10,50,0.25,7.294051330375417e-06,0.0,0.0,8.0,0,8.0,64,512,512,0.0129042,0.00040923135917309824,7.270133083996674,0.14601940058801338,True,True,True,none
s2_library_n3,3,4,psrl_notype,10,50,0.25,7.294051330375417e-06,0.0,0.0,nan,10,nan,12,96,96,0.0125048,0.00029426698768309054,0.0,0.0,True,True,True,none
s2_library_n3,3,8,oracle,10,50,0.25,0.005359387236888669,0.0,0.0,nan,10,nan,0,0,0,0.0437,0.00044865418883849133,0.0,0.0,True,True,True,none
s2_library_n3,3,8,pact,10,50,0.25,0.005359387236888669,0.11067956349206369,0.037093049465701404,45.0,0,41.0,24,192,192,0.014837599999999998,0.0004155886913774261,1.8480666666666665,0.05934134574708088,True,True,True,none
s2_library_n3,3,8,pact_plus,10,50,0.25,0.005359387236888669,0.029587301587301607,0.020845811497825755,45.0,1,45.0,24,192,192,0.04364320000000001,0.000849109794081313,2.1594,0.0527704615491765,True,True,True,none
s2_library_n3,3,8,joint_psrl_uniform,10,50,0.25,0.005359387236888669,0.11067956349206369,0.037093049465701404,45.0,0,41.0,512,4096,4096,0.014837599999999998,0.0004155886913774261,7.991200080141425,0.12379760868399885,True,True,True,none
s2_library_n3,3,8,psrl_notype,10,50,0.25,0.005359387236888669,3.545717261904764,0.48665416063555766,nan,10,nan,24,192,192,0.0175732,0.0003639910197311051,0.0,0.0,True,True,True,none
s2_library_n3,3,16,oracle,10,50,0.25,0.0011696097542561734,0.0,0.0,nan,10,nan,0,0,0,0.0409,0.00047511627097152103,0.0,0.0,True,True,True,none
s2_library_n3,3,16,pact,10,50,0.25,0.0011696097542561734,0.1323356481481483,0.03690041912845785,nan,9,44.0,48,384,384,0.019574400000000002,0.0005350214061980888,1.9314666666666667,0.05992515304891487,True,True,True,none
s2_library_n3,3,16,pact_plus,10,50,0.25,0.0011696097542561734,0.03233333333333359,0.021709871453293433,nan,9,43.0,48,384,384,0.0433106,0.0008371104365889199,2.201666666666667,0.07186319389836879,True,True,True,none
s2_library_n3,3,16,joint_psrl_uniform,10,50,0.25,0.0011696097542561734,0.1323356481481483,0.03690041912845785,nan,9,44.0,4096,32768,32768,0.019574400000000002,0.0005350214061980888,11.946200431945423,0.2168005633443809,True,True,True,none
s2_library_n3,3,16,psrl_notype,10,50,0.25,0.0011696097542561734,3.0049356481481486,0.4151903539885978,nan,10,nan,48,384,384,0.0220062,0.00048041669780207903,0.0,0.0,True,True,True,none
s3_frontier_m16,2,16,oracle,10,50,0.25,0.0011696097542561734,0.0,0.0,nan,10,nan,0,0,0,0.029639999999999996,0.00048738474306809305,0.0,0.0,True,True,True,none
s3_frontier_m16,2,16,pact,10,50,0.25,0.0011696097542561734,0.09018888888888893,0.03645137921658997,nan,9,44.5,32,256,256,0.012531400000000002,0.0006508860525366737,2.9286999999999996,0.1324152189153528,True,True,True,none
s3_frontier_m16,2,16,pact_plus,10,50,0.25,0.0011696097542561734,0.008625925925925948,0.008625925925925947,nan,9,43.0,32,256,256,0.0276924,0.0005912781953434247,2.9718,0.11141901954258825,True,True,True,none
s3_frontier_m16,2,16,joint_psrl_uniform,10,50,0.25,0.0011696097542561734,0.09018888888888893,0.03645137921658997,nan,9,44.5,256,2048,2048,0.012531400000000002,0.0006508860525366737,7.545699772890657,0.10842399019550338,True,True,True,none
s3_frontier_m16,2,16,psrl_notype,10,50,0.25,0.0011696097542561734,2.545185185185185,0.4964184072336459,nan,10,nan,32,256,256,0.0115032,0.0003471931244297654,0.0,0.0,True,True,True,none
s3_frontier_m16,3,16,oracle,10,50,0.25,0.0011696097542561734,0.0,0.0,nan,10,nan,0,0,0,0.0072299999999999994,0.00016127063103015912,0.0,0.0,True,True,True,none
s3_frontier_m16,3,16,pact,10,50,0.25,0.0011696097542561734,0.1323356481481483,0.03690041912845785,nan,9,44.0,48,384,384,0.0124648,0.0005178777429406158,1.9289333333333334,0.060698204638315725,True,True,True,none
s3_frontier_m16,3,16,pact_plus,10,50,0.25,0.0011696097542561734,0.03233333333333359,0.021709871453293433,nan,9,43.0,48,384,384,0.042801200000000005,0.0007794417078087004,2.1485333333333334,0.0675119436393058,True,True,True,none
s3_frontier_m16,3,16,joint_psrl_uniform,10,50,0.25,0.0011696097542561734,0.1323356481481483,0.03690041912845785,nan,9,44.0,4096,32768,32768,0.0124648,0.0005178777429406158,12.144133953067165,0.17355983352128526,True,True,True,none
s3_frontier_m16,3,16,psrl_notype,10,50,0.25,0.0011696097542561734,3.0049356481481486,0.4151903539885978,nan,10,nan,48,384,384,0.0129418,0.00022007173525310928,0.0,0.0,True,True,True,none
s3_frontier_m16,4,16,oracle,10,50,0.25,0.0011696097542561734,0.0,0.0,nan,10,nan,0,0,0,0.058949999999999995,0.00056019338916711,0.0,0.0,True,True,True,none
s3_frontier_m16,4,16,pact,10,50,0.25,0.0011696097542561734,0.1481194444444453,0.03395530549701147,nan,10,42.0,64,512,512,0.0331642,0.0006240222144830556,1.4599499999999999,0.03776157263324014,True,True,True,none
s3_frontier_m16,4,16,pact_plus,10,50,0.25,0.0011696097542561734,0.03580185185185245,0.024027789956941818,nan,10,48.0,64,512,512,0.071727,0.001175458236660182,1.59975,0.038639920573467115,True,True,True,none
s3_frontier_m16,4,16,joint_psrl_uniform,10,50,0.25,0.0011696097542561734,0.1481194444444453,0.03395530549701147,nan,10,42.0,65536,524288,524288,0.0331642,0.0006240222144830556,72.93079991359264,0.6079838335779729,True,True,True,none
s3_frontier_m16,4,16,psrl_notype,10,50,0.25,0.0011696097542561734,3.747661111111114,0.42444708975782525,nan,10,nan,64,512,512,0.0373668,0.0006341805464147429,0.0,0.0,True,True,True,none
s3_frontier_m16,5,16,oracle,10,50,0.25,0.0011696097542561734,0.0,0.0,nan,10,nan,0,0,0,0.12522999999999998,0.0007332718289626981,0.0,0.0,True,True,True,none
s3_frontier_m16,5,16,pact,10,50,0.25,0.0011696097542561734,0.24271736111111436,0.051649354868163216,nan,10,37.0,80,640,640,0.09243280000000001,0.0020549017033280885,1.3464800000000001,0.05053146819315179,True,True,True,none
s3_frontier_m16,5,16,pact_plus,10,50,0.25,0.0011696097542561734,0.03687361111111263,0.022387620843014197,nan,10,40.0,80,640,640,0.25754920000000003,0.005306411461988964,2.3882399999999997,0.0907969006030395,True,True,True,none
s3_frontier_m16,5,16,joint_psrl_uniform,10,50,0.25,0.0011696097542561734,0.24271736111111436,0.051649354868163216,nan,10,37.0,1048576,8388608,8388608,0.09243280000000001,0.0020549017033280885,3217.7356398664415,20.775595334443715,True,True,True,none
s3_frontier_m16,5,16,psrl_notype,10,50,0.25,0.0011696097542561734,4.1501729166666745,0.5464597324778862,nan,10,nan,80,640,640,0.0918656,0.0009386115792346409,0.0,0.0,True,True,True,none
s3_frontier_m16,6,16,oracle,10,50,0.25,0.0011696097542561734,0.0,0.0,nan,10,nan,0,0,0,0.46628,0.002142879152477864,0.0,0.0,True,True,True,none
s3_frontier_m16,6,16,pact,10,50,0.25,0.0011696097542561734,0.3179738888888898,0.061581349668520725,nan,10,40.0,96,768,768,0.3622522,0.003868228806381163,1.3990666666666667,0.13226995983843964,True,True,True,none
s3_frontier_m16,6,16,pact_plus,10,50,0.25,0.0011696097542561734,0.04467777777777941,0.023168562716619025,nan,10,43.0,96,768,768,0.8096282000000001,0.010079222596302336,1.6591666666666665,0.04928705413380022,True,True,True,none
s3_frontier_m16,6,16,joint_psrl_uniform,10,50,0.25,0.0011696097542561734,0.3179738888888898,0.061581349668520725,nan,10,40.0,16777216,134217728,134217728,0.3622522,0.003868228806381163,68801.10093324522,251.43224033738994,True,True,True,none
s3_frontier_m16,6,16,psrl_notype,10,50,0.25,0.0011696097542561734,5.406724259259262,0.7192844502020234,nan,10,nan,96,768,768,0.38715,0.0031313769948327097,0.0,0.0,True,True,True,none
s3_frontier_m16,7,16,oracle,10,50,0.25,0.0011696097542561734,0.0,0.0,nan,10,nan,0,0,0,2.6410600000000004,0.0069162862021217185,0.0,0.0,True,False,True,none
s3_frontier_m16,7,16,pact,10,50,0.25,0.0011696097542561734,0.38041620370370405,0.06304065058051427,nan,10,43.0,112,896,896,2.7326466,0.027755385342089118,3.3545714285714285,0.08676625101761462,True,False,True,none
s3_frontier_m16,7,16,pact_plus,10,50,0.25,0.0011696097542561734,0.036403240740741395,0.02387737538815741,nan,10,44.0,112,896,896,7.967265600000001,0.04931740284077415,4.431542857142857,0.05790015202568081,True,False,True,none
s3_frontier_m16,7,16,joint_psrl_uniform,10,50,0.25,0.0011696097542561734,nan,nan,nan,10,nan,268435456,2147483648,0,nan,nan,nan,nan,True,False,False,first_update_gt_1s
s3_frontier_m16,7,16,psrl_notype,10,50,0.25,0.0011696097542561734,6.008697222222226,0.5213061729639493,nan,10,nan,112,896,896,3.2653736,0.0522575183246294,0.0,0.0,True,False,True,none
s3_frontier_m16,8,16,oracle,10,50,0.25,0.0011696097542561734,0.0,0.0,nan,10,nan,0,0,0,19.700249999999997,0.05125395974731668,0.0,0.0,True,False,True,none
s3_frontier_m16,8,16,pact,10,50,0.25,0.0011696097542561734,0.36479656084655715,0.07903265517287447,nan,10,44.0,128,1024,1024,19.725320200000002,0.1554505582602738,4.816799999999999,0.03992015791572012,True,False,True,none
s3_frontier_m16,8,16,pact_plus,10,50,0.25,0.0011696097542561734,0.0591607142857133,0.030481128192942825,nan,10,49.0,128,1024,1024,52.5244488,0.2978223795357592,5.027900000000001,0.08457567925262015,True,False,True,none
s3_frontier_m16,8,16,joint_psrl_uniform,10,50,0.25,0.0011696097542561734,nan,nan,nan,10,nan,4294967296,34359738368,0,nan,nan,nan,nan,True,False,False,joint_table_gt_4GB
s3_frontier_m16,8,16,psrl_notype,10,50,0.25,0.0011696097542561734,7.2650746031745985,0.5567338207184759,nan,10,nan,128,1024,1024,19.156591,0.14526089085028784,0.0,0.0,True,False,True,none
