phase,n,m,H,rho_action,rho_global,predictor_per_agent,predictor_all_agent,predictor_original_linear_n,restricted_mean_per_agent_episode,restricted_mean_all_agent_episode,median_per_agent_episode,median_all_agent_episode,censored_agents,censoring_fraction_agents,censored_seeds,censoring_fraction_seeds,mean_final_true_mass
type_horizon,3,2,1,0.0035047535997874135,0.0011696097542561734,296.660162044768,610.1236502439807,791.0937654527146,156.946,273.274,110.0,221.0,0,0.0,0,0.0,0.9999994491967297
type_horizon,3,2,2,0.0035047535997874135,0.0011696097542561734,148.330081022384,305.06182512199035,395.5468827263573,84.07,146.608,58.0,121.5,0,0.0,0,0.0,0.9999999999852986
type_horizon,3,2,4,0.0035047535997874135,0.0011696097542561734,74.165040511192,152.53091256099518,197.77344136317865,42.60666666666667,72.68,30.0,60.5,0,0.0,0,0.0,1.0
type_horizon,3,2,8,0.0035047535997874135,0.0011696097542561734,37.082520255596,76.26545628049759,98.88672068158932,21.483333333333334,35.77,16.0,30.0,0,0.0,0,0.0,1.0
type_horizon,3,3,1,0.0035047535997874135,0.0011696097542561734,470.1952322988189,783.6587204980316,1253.8539527968503,209.69466666666668,347.958,197.5,292.5,0,0.0,0,0.0,0.9999567719130569
type_horizon,3,3,2,0.0035047535997874135,0.0011696097542561734,235.09761614940945,391.8293602490158,626.9269763984252,107.59866666666667,177.076,104.0,152.0,0,0.0,0,0.0,0.9999999999995971
type_horizon,3,3,4,0.0035047535997874135,0.0011696097542561734,117.54880807470472,195.9146801245079,313.4634881992126,54.318666666666665,88.004,52.0,76.5,0,0.0,0,0.0,1.0
type_horizon,3,3,8,0.0035047535997874135,0.0011696097542561734,58.77440403735236,97.95734006225395,156.7317440996063,28.442,45.798,26.0,40.0,0,0.0,0,0.0,1.0
type_horizon,3,4,1,0.0035047535997874135,0.0011696097542561734,593.3203240895359,906.7838122887484,1582.1875309054292,238.76933333333332,379.128,215.5,315.0,0,0.0,0,0.0,0.9998851667748883
type_horizon,3,4,2,0.0035047535997874135,0.0011696097542561734,296.66016204476796,453.3919061443742,791.0937654527146,125.488,198.546,112.5,174.0,0,0.0,0,0.0,0.9999999999999161
type_horizon,3,4,4,0.0035047535997874135,0.0011696097542561734,148.33008102238398,226.6959530721871,395.5468827263573,61.37533333333333,95.74,55.0,80.5,0,0.0,0,0.0,1.0
type_horizon,3,4,8,0.0035047535997874135,0.0011696097542561734,74.16504051119199,113.34797653609355,197.77344136317865,31.720666666666666,48.47,29.0,43.0,0,0.0,0,0.0,1.0
type_horizon,3,6,1,0.0035047535997874135,0.0011696097542561734,766.8553943435868,1080.3188825427992,2044.9477182495648,260.574,400.052,227.0,334.0,0,0.0,0,0.0,0.999978849158883
type_horizon,3,6,2,0.0035047535997874135,0.0011696097542561734,383.4276971717934,540.1594412713996,1022.4738591247824,130.07066666666665,194.374,115.0,170.0,0,0.0,0,0.0,0.999999999989522
type_horizon,3,6,4,0.0035047535997874135,0.0011696097542561734,191.7138485858967,270.0797206356998,511.2369295623912,67.74,101.932,58.0,85.5,0,0.0,0,0.0,1.0
type_horizon,3,6,8,0.0035047535997874135,0.0011696097542561734,95.85692429294835,135.0398603178499,255.6184647811956,34.142,51.1,30.0,45.0,0,0.0,0,0.0,1.0
type_horizon,3,8,1,0.0035047535997874135,0.0011696097542561734,889.9804861343039,1203.4439743335165,2373.2812963581437,269.91266666666667,397.484,232.0,335.5,0,0.0,0,0.0,0.9999706032654961
type_horizon,3,8,2,0.0035047535997874135,0.0011696097542561734,444.99024306715194,601.7219871667583,1186.6406481790718,137.22533333333334,202.362,118.0,180.0,0,0.0,0,0.0,0.9999999999993822
type_horizon,3,8,4,0.0035047535997874135,0.0011696097542561734,222.49512153357597,300.8609935833791,593.3203240895359,69.854,102.092,61.0,88.0,0,0.0,0,0.0,1.0
type_horizon,3,8,8,0.0035047535997874135,0.0011696097542561734,111.24756076678798,150.43049679168956,296.66016204476796,35.39533333333333,52.372,30.0,45.0,0,0.0,0,0.0,1.0
type_horizon,3,12,1,0.0035047535997874135,0.0011696097542561734,1063.5155563883548,1376.9790445875674,2836.0414837022795,290.22,413.446,247.0,360.0,0,0.0,0,0.0,0.9999649645045644
type_horizon,3,12,2,0.0035047535997874135,0.0011696097542561734,531.7577781941774,688.4895222937837,1418.0207418511397,144.45666666666668,209.238,121.0,174.0,0,0.0,0,0.0,0.9999999999999609
type_horizon,3,12,4,0.0035047535997874135,0.0011696097542561734,265.8788890970887,344.24476114689185,709.0103709255699,74.05466666666666,108.692,63.0,94.0,0,0.0,0,0.0,1.0
type_horizon,3,12,8,0.0035047535997874135,0.0011696097542561734,132.93944454854434,172.12238057344592,354.50518546278494,37.456,53.38,32.0,46.0,0,0.0,0,0.0,1.0
type_horizon,3,16,1,0.0035047535997874135,0.0011696097542561734,1186.6406481790718,1500.1041363782845,3164.3750618108584,299.46866666666665,427.542,247.0,367.5,0,0.0,0,0.0,0.9996427910331807
type_horizon,3,16,2,0.0035047535997874135,0.0011696097542561734,593.3203240895359,750.0520681891422,1582.1875309054292,148.352,214.444,123.0,176.0,0,0.0,0,0.0,0.9999999999993034
type_horizon,3,16,4,0.0035047535997874135,0.0011696097542561734,296.66016204476796,375.0260340945711,791.0937654527146,74.06333333333333,105.29,62.0,91.0,0,0.0,0,0.0,1.0
type_horizon,3,16,8,0.0035047535997874135,0.0011696097542561734,148.33008102238398,187.51301704728556,395.5468827263573,39.148666666666664,55.894,32.0,49.0,0,0.0,0,0.0,1.0
population,2,8,4,0.0035047535997874135,0.0011696097542561734,222.49512153357597,271.93848187437067,444.9902430671519,73.488,95.376,61.0,81.5,0,0.0,0,0.0,1.0
population,4,8,4,0.0035047535997874135,0.0011696097542561734,222.49512153357597,321.38184221516525,741.6504051119199,69.5585,113.202,60.0,98.5,0,0.0,0,0.0,1.0
population,8,8,4,0.0035047535997874135,0.0011696097542561734,222.49512153357597,370.82520255595995,1334.9707292014557,70.8795,143.104,60.0,128.0,0,0.0,0,0.0,1.0
population,16,8,4,0.0035047535997874135,0.0011696097542561734,222.49512153357597,420.2685628967546,2521.6113773805273,70.682375,174.528,60.0,162.5,0,0.0,0,0.0,1.0
population,32,8,4,0.0035047535997874135,0.0011696097542561734,222.49512153357597,469.7119232375493,4894.892673738672,70.667375,207.176,60.0,194.0,0,0.0,0,0.0,1.0
population,64,8,4,0.0035047535997874135,0.0011696097542561734,222.49512153357597,519.155283578344,9641.45526645496,70.442875,235.894,60.0,222.5,0,0.0,0,0.0,1.0
